target_server,coord,x,y,event_time,actor_server,actor_alliance,defender_alliance,level,text_color,destroyed_by,frame,timestamp_sec,raw_text
#440,a-6,249,49,2026-6-10 12:56:1,#523,K4TR,,1,red,enemy,range01_frame_000496.png,247.5,"#523[K4TR]が#440領有中のLv.1都市 #440(249,49)を攻撃し、陣営のために破壊宝箱×2を勝ち取りました"
#440,a-8,349,49,2026-6-13 12:23:1,#523,EDFS,,1,blue,ally,range01_frame_000555.png,277.0,"#523[EDFS]が#440領有中のLv.1都市 #440(349,49)を攻撃し、陣営のために破壊宝箱×2を勝ち取りました"
#440,a-10,449,49,2026-6-13 12:37:4,#523,NBNH,WoW3,1,red,enemy,range01_frame_000577.png,288.0,"#523[NBNH]が#440[WoW3]領有中のLv.1都市#440(449,49)を攻撃し、陣営のために破壊宝箱×2を勝ち取りました"
#440,a-12,549,49,2026-6-13 20:23:1,#523,5DU,WoW3,1,red,enemy,range01_frame_000593.png,296.0,"#523[5DU]が#440[WoW3]領有中のLv.1都市#440(549,49)を攻撃し、陣営のために破壊宝箱×2を勝ち取りました"
#440,a-14,649,49,2026-6-17 04:13:4,#523,K4TR,GcC,1,red,enemy,range01_frame_000613.png,306.0,"#523[K4TR]が#440[GcC]領有中のLv.1都市 #440(649,49)を攻撃し、陣営のために破壊宝箱×2を勝ち取りました"
#440,a-16,749,49,2026-6-17 04:02:5,#523,EDFS,DOLU,1,red,enemy,range01_frame_000605.png,302.0,"#523[EDFS]が#440[DOLU]領有中のLv.1都市#440(749,49)を攻撃し、陣営のために破壊宝箱×2を勝ち取りました"
#440,a-18,849,49,2026-6-17 04:07:4,#503,COZy,DOLU,1,red,enemy,range01_frame_000607.png,303.0,"#503[COZy]が#440[DOLU]領有中のLv.1都市 #440(849,49)を攻撃し、陣営のために破壊宝箱×2を勝ち取りました"
#440,a-20,949,49,2026-6-17 20:37:3,#503,COZy,DOLU,1,red,enemy,range01_frame_000677.png,338.0,"#503[COZy]が#440[DOLU]領有中のLv.1都市 #440(949,49)を攻撃し、陣営のために破壊宝箱×2を勝ち取りました"
#440,b-6,249,149,2026-6-10 12:19:4,#476,476M,,1,red,enemy,range01_frame_000466.png,232.5,"#476[476M]が#440領有中のLv.1都市 #440(249,149)を攻撃し、陣営のために破壊宝箱×2を勝ち取りました"
#440,b-8,349,149,2026-6-10 12:43:4,#476,476Z,,1,red,enemy,range01_frame_000492.png,245.5,"#476[476Z]が#440領有中のLv.1都市#440(349,149)を攻撃し、陣営のために破壊宝箱×2を勝ち取りました"
#440,b-10,449,149,2026-6-13 12:04:5,#476,476Z,UoW3,1,red,enemy,range01_frame_000540.png,269.0,"#476[476Z]が#440[UoW3]領有中のLv.1都市 #440(449,149)を攻撃し、陣営のために破壊宝箱×2を勝ち取りました"
#440,b-12,549,149,2026-6-17 04:04:3,#523,5DU,,1,red,enemy,range01_frame_000605.png,302.0,"#523[5DU]が#440領有中のLv.1都市#440(549,149)を攻撃し、陣営のために破壊宝箱×2を勝ち取りました"
#440,b-14,649,149,2026-6-17 04:08:2,#523,WUG,,1,red,enemy,range01_frame_000613.png,306.0,"#523[WUG]が#440領有中のLv.1都市 #440(649,149)を攻撃し、陣営のために破壊宝箱×2を勝ち取りました"
#440,b-16,749,149,2026-6-17 00:02:00,#523,NBNH,,1,red,enemy,range01_frame_000604.png,301.0,"#523[NBNH]が#440領有中のLv.1都市#440(749,149)を攻撃し、陣営のために破壊宝箱×2を勝ち取りました"
#440,b-18,849,149,2026-6-13 12:37:5,#503,fzn,DOLU,1,red,enemy,range01_frame_000575.png,287.0,"#503[fzn]が#440[DOLU]領有中のLv.1都市 #440(849,149)を攻撃し、陣営のために破壊宝箱×2を勝ち取りました"
#440,b-20,949,149,2026-6-13 12:36:0,#503,fzn,DOLU,1,red,enemy,range01_frame_000575.png,287.0,"#503[fzn]が#440[DOLU]領有中のLv.1都市 #440(949,149)を攻撃し、陣営のために破壊宝箱×2を勝ち取りました"
#440,,676,241,,#476,476A,e-61,2,red,enemy,range01_frame_000448.png,223.5,"#476[476A]が#440[e-61]領有中のLv.2都市 #440(676,241)…"
#440,c-2,49,249,2026-6-3 12:45:5,#476,476M,,1,red,enemy,range01_frame_000332.png,165.5,"#476[476M]が#440領有中のLv.1都市 #440(49,249)を攻撃し、陣営のために破壊宝箱×2を勝ち取りました"
#440,c-4,149,249,2026-6-6 12:24:0,#476,476M,,1,red,enemy,range01_frame_000403.png,200.5,"#476[476M]が#440領有中のLv.1都市 #440(149,249)を攻撃し、陣営のために破壊宝箱×2を勝ち取りました"
#440,c-6,249,249,2026-6-10 12:22:2,#476,476M,IMp,2,red,enemy,range01_frame_000474.png,236.5,"#476[476M]が#440[IMp]領有中のLv.2都市 #440(249,249)を攻撃し、陣営のために破壊宝箱×5を勝ち取りました"
#440,c-8,349,249,2026-6-10 12:41:0,#476,476Z,,2,red,enemy,range01_frame_000482.png,240.5,"#476[476Z]が#440領有中のLv.2都市 #440(349,249)を攻撃し、陣営のために破壊宝箱×5を勝ち取りました"
#440,c-10,449,249,2026-6-20 20:55:1,#476,476B,Gcc,2,red,enemy,range01_frame_000728.png,363.0,"#476[476B]が#440[Gcc]領有中のLv.2都市 #440(449,249)を攻撃し、陣営のために破壊宝箱×5を勝ち取りました"
#440,c-12,549,249,2026-6-17 20:14:0,#476,476B,TrX,2,red,enemy,range01_frame_000655.png,327.0,"#476[476B]が#440[TrX]領有中のLv.2都市 #440(549,249)を攻撃し、陣営のために破壊宝箱×5を勝ち取りました"
#440,c-16,749,249,2026-6-17 00:00:5,#503,StJ,,2,red,enemy,range01_frame_000599.png,299.0,"#503[StJ]が#440領有中のLv.2都市 #440(749,249)を攻撃し、陣営のために破壊宝箱×5を勝ち取りました"
#440,c-18,849,249,2026-6-13 12:36:5,#503,COzy,,1,red,enemy,range01_frame_000577.png,288.0,"#503[COzy]が#440領有中のLv.1都市#440(849,249)を攻撃し、陣営のために破壊宝箱×2を勝ち取りました"
#440,c-20,949,249,2026-6-13 12:29:50,#503,COZy,,1,red,enemy,range01_frame_000565.png,282.0,"#503[COZy]が#440領有中のLv.1都市#440(949,249)を攻撃し、陣営のために破壊宝箱×2を勝ち取りました"
#440,d-2,49,349,2026-6-3 12:49:5,#476,476M,lMp,1,red,enemy,range01_frame_000343.png,170.5,"#476[476M]が#440[lMp]領有中のLv.1都市#440(49,349)を攻撃し、陣営のために破壊宝箱×2を勝ち取りました"
#440,d-4,149,349,2026-6-20 12:27:5,#476,476X,SsQ,1,red,enemy,range01_frame_000699.png,349.0,"#476[476X]が#509[SsQ]領有中のLv.1都市 #440(149,349)を攻撃し、陣営のために破壊宝箱×2を勝ち取りました"
#440,d-6,249,349,2026-6-6 12:34:0,#503,Lghs,GoDs,2,red,enemy,range01_frame_000404.png,201.5,"#503[Lghs]が#440[GoDs]領有中のLv.2都市 #440(249,349)を攻撃し、陣営のために破壊宝箱×5を勝ち取りました"
#440,d-8,349,349,2026-6-13 20:15:0,#476,476X,GcC,3,red,enemy,range01_frame_000581.png,290.0,"#476[476X]が#440[GcC]領有中のLv.3都市#440(349,349)を攻撃し、陣営のために破壊宝箱×10を勝ち取りました"
#440,d-10,449,349,2026-6-13 20:13:1,#476,476B,GcC,3,red,enemy,range01_frame_000581.png,290.0,"#476[476B]が#440[GcC]領有中のLv.3都市#440(449,349)を攻撃し、陣営のために破壊宝箱×10を勝ち取りました"
#440,d-12,549,349,2026-6-10 12:20:55,#476,476B,BAJ,3,red,enemy,range01_frame_000473.png,235.5,"#476[476B]が#440[BAJ]領有中のLv.3都市 #440(549,349)を攻撃し、陣営のために破壊宝箱×10を勝ち取りました"
#440,d-14,649,349,2026-6-13 12:05:53,#476,476B,BAJ,3,red,enemy,range01_frame_000549.png,274.0,"#476[476B]が#440[BAJ]領有中のLv.3都市 #440(649,349)を攻撃し、陣営のために破壊宝箱×10を勝ち取りました"
#440,d-16,749,349,2026-6-17 12:01:58,#503,TlKw,TaU,2,red,enemy,range01_frame_000627.png,313.0,"#503[TlKw]が#440[TaU]領有中のLv.2都市 #440(749,349)を攻撃し、陣営のために破壊宝箱×5を勝ち取りました"
#440,d-18,849,349,2026-6-13 20:58:3,#503,hMt,,1,red,enemy,range01_frame_000596.png,297.0,"#503[hMt]が#440領有中のLv.1都市#440(849,349)を攻撃し、陣営のために破壊宝箱×2を勝ち取りました"
#440,d-20,949,349,2026-6-20 12:30:21,#503,fzn,GoDs,1,red,enemy,range01_frame_000701.png,350.0,"#503[fzn]が#440[GoDs]領有中のLv.1都市 #440(949,349)を攻撃し、陣営のために破壊宝箱×2を勝ち取りました"
#440,e-2,49,449,2026-6-6 12:35:1,#476,476M,MpJ,1,red,enemy,range01_frame_000404.png,201.5,"#476[476M]が#440[MpJ]領有中のLv.1都市 #440(49,449)を攻撃し、陣営のために破壊宝箱×2を勝ち取りました"
#440,e-4,149,449,2026-5-30 12:43:3,#476,476X,IMp,1,red,enemy,range01_frame_000226.png,112.0,"#476[476X]が#440[IMp]領有中のLv.1都市 #440(149,449)を攻撃し、陣営のために破壊宝箱×2を勝ち取りました"
#440,e-6,249,449,2026-6-6 04:02:2,#503,Lghs,GoDs,2,red,enemy,range01_frame_000366.png,182.5,"#503[Lghs]が#440[GoDs]領有中のLv.2都市 #440(249,449)を攻撃し、陣営のために破壊宝箱×5を勝ち取りました"
#440,e-8,349,449,2026-6-10 12:13:0,#476,476B,BAJ,3,red,enemy,range01_frame_000462.png,230.5,"#476[476B]が#440[BAJ]領有中のLv.3都市 #440(349,449)を攻撃し、陣営のために破壊宝箱×10を勝ち取りました"
#440,e-14,649,449,2026-6-10 12:33:1,#476,476A,GcC,3,red,enemy,range01_frame_000479.png,238.5,"#476[476A]が#440[GcC]領有中のLv.3都市 #440(649,449)を攻撃し、陣営のために破壊宝箱×10を勝ち取りました"
#440,e-16,749,449,2026-6-10 12:55:2,#503,Stj,TaW,2,red,enemy,range01_frame_000490.png,244.5,"#503[Stj]が#440[TaW]領有中のLv.2都市 #440(749,449)を攻撃し、陣営のために破壊宝箱×5を勝ち取りました"
#440,e-18,849,449,2026-6-20 12:46:5,#503,Stj,TrX,1,red,enemy,range01_frame_000707.png,353.0,"#503[Stj]が#440[TrX]領有中のLv.1都市 #440(849,449)を攻撃し、陣営のために破壊宝箱×2を勝ち取りました"
#440,e-20,949,449,2026-6-10 20:20:3,#503,fzn,TrX,1,red,enemy,range01_frame_000507.png,252.5,"#503[fzn]が#440[TrX]領有中のLv.1都市 #440(949,449)を攻撃し、陣営のために破壊宝箱×2を勝ち取りました"
#440,f-2,49,549,2026-5-30 12:46:4,#476,476M,,1,blue,ally,range01_frame_000231.png,115.0,"#476[476M]が#440領有中のLv.1都市 #440(49,549)を攻撃し、陣営のために破壊宝箱×2を勝ち取りました"
#440,f-4,149,549,2026-5-30 12:43:5,#476,476M,IMp,1,red,enemy,range01_frame_000229.png,114.0,"#476[476M]が#440[IMp]領有中のLv.1都市 #440(149,549)を攻撃し、陣営のために破壊宝箱×2を勝ち取りました"
#440,f-6,249,549,2026-6-13 04:02:2,#503,Lghs,GoDs,2,red,enemy,range01_frame_000514.png,256.5,"#503[Lghs]が#440[GoDs]領有中のLv.2都市#440(249,549)を攻撃し、陣営のために破壊宝箱×5を勝ち取りました"
#440,f-8,349,549,2026-6-13 12:01:5,#476,476A,BAJ,3,red,enemy,range01_frame_000535.png,267.0,"#476[476A]が#440[BAJ]領有中のLv.3都市 #440(349,549)を攻撃し、陣営のために破壊宝箱×10を..."
#440,f-14,649,549,2026-6-10 12:08:2,#476,476A,GcC,3,red,enemy,range01_frame_000452.png,225.5,"#476[476A]が#440[GcC]領有中のLv.3都市 #440(649,549)を攻撃し、陣営のために破壊宝箱×10を勝ち取りました"
#440,f-16,749,549,2026-6-13 12:01:10,#503,Lghs,TaU,2,red,enemy,range01_frame_000537.png,268.0,"#503[Lghs]が#440[TaU]領有中のLv.2都市 #440(749,549)を攻撃し、陣営のために破壊宝箱×5を勝ち取りました"
#440,f-18,849,549,2026-6-17 12:02:5,#503,299,TrX,1,red,enemy,range01_frame_000635.png,317.0,"#503[299]が#440[TrX]領有中のLv.1都市 #440(849,549)を攻撃し、陣営のために破壊宝箱×2を勝ち取りました"
#440,f-20,949,549,2026-6-6 12:46:2,#503,fzn,TrX,1,red,enemy,range01_frame_000410.png,204.5,"#503[fzn]が#440[TrX]領有中のLv.1都市 #440(949,549)を攻撃し、陣営のために破壊宝箱×2を勝ち取りました"
#440,g-2,49,649,2026-6-13 12:04:5,#480,AA0A,IMp,1,red,enemy,range01_frame_000540.png,269.0,"#480[AA0A]が#440[IMp]領有中のLv.1都市 #440(49,649)を攻撃し、陣営のために破壊宝箱×2を勝ち取りました"
#440,g-4,149,649,2026-6-13 12:32:4,#480,BgNa,IMp,1,red,enemy,range01_frame_000569.png,284.0,"#480[BgNa]が#440[IMp]領有中のLv.1都市 #440(149,649)を攻撃し、陣営のために破壊宝箱×2を勝ち取りました"
#440,g-6,249,649,2026-6-13 04:03:0,#480,BgNa,GoDs,2,red,enemy,range01_frame_000523.png,261.0,"#480[BgNa]が#440[GoDs]領有中のLv.2都市 #440(249,649)を攻撃し、陣営のために破壊宝箱×5を勝ち取りました"
#440,g-8,349,649,2026-6-13 20:15:3,#476,476A,GcC,3,red,enemy,range01_frame_000581.png,290.0,"#476[476A]が#440[GcC]領有中のLv.3都市#440(349,649)を攻撃し、陣営のために破壊宝箱×10を勝ち取りました"
#440,g-10,449,649,2026-6-17 04:13:4,#476,476A,GcC,3,red,enemy,range01_frame_000617.png,308.0,"#476[476A]が#440[GcC]領有中のLv.3都市 #440(449,649)を攻撃し、陣営のために破壊宝箱×10を勝ち取りました"
#440,g-12,549,649,2026-6-10 12:18:0,#503,Lghs,BAJ,3,red,enemy,range01_frame_000466.png,232.5,"#503[Lghs]が#440[BAJ]領有中のLv.3都市 #440(549,649)を攻撃し、陣営のために破壊宝箱×10を勝ち取りました"
#440,g-14,649,649,2026-6-6 20:05:3,#476,476A,BAJ,3,red,enemy,range01_frame_000419.png,208.5,"#476[476A]が#440[BAJ]領有中のLv.3都市 #440(649,649)を攻撃し、陣営のために破壊宝箱×10を勝ち取りました"
#440,g-16,749,649,2026-6-17 12:04:1,#503,Lghs,TaW,2,red,enemy,range01_frame_000639.png,319.0,"#503[Lghs]が#440[TaW]領有中のLv.2都市 #440(749,649)を攻撃し、陣営のために破壊宝箱×5を勝ち取りました"
#440,g-18,849,649,2026-6-10 12:39:3,#503,299,TrX,1,red,enemy,range01_frame_000480.png,239.5,"#503[299]が#440[TrX]領有中のLv.1都市 #440(849,649)を攻撃し、陣営のために破壊宝箱×2を勝ち取りました"
#440,g-20,949,649,2026-6-6 20:04:1,#503,299,TrX,1,red,enemy,range01_frame_000414.png,206.5,"#503[299]が#440[TrX]領有中のLv.1都市 #440(949,649)を攻撃し、陣営のために破壊宝箱×2を勝ち取りました"
#440,h-2,49,749,2026-6-13 04:21:5,#480,AA0A,GoDs,1,red,enemy,range01_frame_000531.png,265.0,"#480[AA0A]が#440[GoDs]領有中のLv.1都市 #440(49,749)を攻撃し、陣営のために破壊宝箱×2を勝ち取りました"
#440,h-4,149,749,2026-6-13 04:21:,#480,RCON,aTA,1,red,enemy,range01_frame_000522.png,260.0,"#480[RCON]が#440[aTA]領有中のLv.1都市 #440(149,749)を攻撃し、陣営のために破壊宝箱×2を勝ち取りました"
#440,h-6,249,749,2026-6-17 12:29:4,#480,WbW,GoDs,2,red,enemy,range01_frame_000639.png,319.0,"#480[WbW]が#440[GoDs]領有中のLv.2都市 #440(249,749)を攻撃し、陣営のために破壊宝箱×5を勝ち取りました"
#440,h-8,349,749,2026-6-10 00:01:5,#480,CDf8,,2,red,enemy,range01_frame_000426.png,212.5,"#480[CDf8]が#440領有中のLv.2都市#440(349,749)を攻撃し、陣営のために破壊宝箱×5を勝ち取りました"
#440,h-10,449,749,2026-6-13 12:14:2,#503,TIKW,GcC,2,red,enemy,range01_frame_000547.png,273.0,"#503[TIKW]が#440[GcC]領有中のLv.2都市 #440(449,749)を攻撃し、陣営のために破壊宝箱×5を勝ち取りました"
#440,h-12,549,749,2026-6-17 12:03:1,#503,Lghs,BAJ,2,red,enemy,range01_frame_000635.png,317.0,"#503[Lghs]が#440[BAJ]領有中のLv.2都市 #440(549,749)を攻撃し、陣営のために破壊宝箱×5を勝ち取りました"
#440,h-14,649,749,2026-6-20 12:56:,#476,476A,BAJ,2,red,enemy,range01_frame_000709.png,354.0,"#476[476A]が#440[BAJ]領有中のLv.2都市 #440(649,749)を攻撃し、陣営のために破壊宝箱×5を勝ち取りました"
#440,h-16,749,749,2026-6-10 12:41:0,#503,Stj,TaU,2,red,enemy,range01_frame_000483.png,240.5,"#503[Stj]が#440[TaU]領有中のLv.2都市 #440(749,749)を攻撃し、陣営のために破壊宝箱×5を勝ち取りました"
#440,h-18,849,749,2026-6-10 20:03:4,#503,299,TrX,1,red,enemy,range01_frame_000499.png,248.5,"#503[299]が#440[TrX]領有中のLv.1都市 #440(849,749) を攻撃し、陣営のために破壊宝箱×2を勝ち取りました"
#440,h-20,949,749,2026-6-17 12:31:5,#503,UMN,TaU,1,red,enemy,range01_frame_000641.png,320.0,"#503[UMN]が#440[TaU]領有中のLv.1都市 #440(949,749)を攻撃し、陣営のために破壊宝箱×2を勝ち取りました"
#440,i-2,49,849,2026-6-17 04:39:5,#480,BgNa,GoDs,1,red,enemy,range01_frame_000621.png,310.0,"#480[BgNa]が#440[GoDs]領有中のLv.1都市 #440(49,849)を攻撃し、陣営のために破壊宝箱×2を勝ち取りました"
#440,i-4,149,849,2026-6-20 20:09:0,#480,BgNa,Gcc,1,red,enemy,range01_frame_000727.png,363.0,"#480[BgNa]が#440[Gcc]領有中のLv.1都市 #440(149,849)を攻撃し、陣営のために破壊宝箱×2を勝ち取りました"
#440,i-6,249,849,2026-6-17 12:10:3,#480,CDf8,GoDs,1,red,enemy,range01_frame_000639.png,319.0,"#480[CDf8]が#440[GoDs]領有中のLv.1都市 #440(249,849)を攻撃し、陣営のために破壊宝箱×2を勝ち取りました"
#440,i-8,349,849,2026-6-10,#480,CDf8,,1,blue,ally,range01_frame_000507.png,252.5,"#480[CDf8]が#440 領有中のLv.1都市 #440(349,849)を攻撃し、陣営のために破壊宝箱×2を勝ち取りました"
#440,i-10,449,849,2026-6-6 12:41:3,#503,TlKW,GcC,1,red,enemy,range01_frame_000409.png,203.5,"#503[TlKW]が#440[GcC]領有中のLv.1都市 #440(449,849)を攻撃し、陣営のために破壊宝箱×2を勝ち取りました"
#440,i-12,549,849,2026-6-13 00:49:2,#480,CDf8,,1,red,enemy,range01_frame_000508.png,253.5,"#480[CDf8]が#440領有中のLv.1都市 #440(549,849)を攻撃し、陣営のために破壊宝箱×2を勝ち取りました"
#440,i-14,649,849,2026-6-6 20:30:3,#476,476K,,1,red,enemy,range01_frame_000426.png,212.5,"#476[476K]が#440領有中のLv.1都市#440(649,849)を攻撃し、陣営のために破壊宝箱×2を勝ち取りました"
#440,i-16,749,849,2026-6-13 12:36:0,#480,RCON,TaU,1,red,enemy,range01_frame_000569.png,284.0,"#480[RCON]が#440[TaU]領有中のLv.1都市 #440(749,849)を攻撃し、陣営のために破壊宝箱×2を勝ち取りました"
#440,i-18,849,849,2026-5-30 20:41:2,#480,AA0A,,1,red,enemy,range01_frame_000247.png,123.0,"#480[AA0A]が#440領有中のLv.1都市 #440(849,849)を攻撃し、陣営のために破壊宝箱×2を勝ち取りました"
#440,i-20,949,849,2026-6-6 12:19:18,#503,fzn,TaU,1,red,enemy,range01_frame_000397.png,197.5,"#503[fzn]が#440[TaU]領有中のLv.1都市 #440(949,849)を攻撃し、陣営のために破壊宝箱×2を勝ち取りました"
#476,g-2,49,649,2026-5-27 13:24:4,#534,89M,,1,blue,ally,range01_frame_000105.png,52.0,"#534[89M]が#476領有中のLv.1都市 #476(49,649)を攻撃し、陣営のために破壊宝箱×2を勝ち取りました"
#476,i-2,49,849,2026-5-27 20:02:11,#534,n09,476H,1,blue,ally,range01_frame_000123.png,61.0,"#534[n09]が#476[476H]領有中のLv.1都市 #476(49,849)を攻撃し、陣営のために破壊宝箱×2を勝ち取りました"
#476,i-12,549,849,2026-6-3 12:11:40,#534,SHA,476A,1,unknown,unknown,range01_frame_000314.png,156.5,"#534[SHA]が#476[476A]領有中のLv.1都市 #476(549,849)を攻撃し、陣営のために破壊宝箱×2を勝ち取りました"
#476,i-14,649,849,2026-6-3 12:50:3,#534,4tH,476H,1,blue,ally,range01_frame_000344.png,171.5,"#534[4tH]が#476[476H]領有中のLv.1都市 #476(649,849)を攻撃し、陣営のために破壊宝箱×2を勝ち取りました"
#480,b-2,49,149,2026-6-10 04:03:1,#440,TaW,PmP,1,blue,ally,range01_frame_000428.png,213.5,"#440[TaW]が#480[PmP]領有中のLv.1都市 #480(49,149)を攻撃し、陣営のために破壊宝箱×2を勝ち取りました"
#480,b-6,249,149,2026-5-27 04:37:2,#440,GoDs,PmP,1,blue,ally,range01_frame_000020.png,9.0,"#440[GoDs]が#480[PmP]領有中のLv.1都市#480(249,149)を攻撃し、陣営のために破壊宝箱×2を勝ち取りました"
#480,b-8,349,149,2026-5-27 10:36:1,#440,GoDs,BgNa,1,blue,ally,range01_frame_000034.png,16.0,"#440[GoDs]が#480[BgNa]領有中のLv.1都市 #480(349,149)を攻撃し、陣営のために破壊宝箱×2を勝ち取りました"
#480,b-14,649,149,2026-6-3 20:54:0,#440,GcC,WbUU,1,blue,ally,range01_frame_000359.png,178.5,"#440[GcC]が#480[WbUU]領有中のLv.1都市 #480(649,149)を攻撃し、陣営のために破壊宝箱×2を勝ち取りました"
#480,b-16,749,149,2026-6-3 20:55:3,#440,GcC,CDf8,1,blue,ally,range01_frame_000360.png,179.5,"#440[GcC]が#480[CDf8]領有中のLv.1都市 #480(749,149)を攻撃し、陣営のために破壊宝箱×2を勝ち取りました"
#480,b-20,949,149,2026-6-17 20:43:4,#440,TaW,AA0A,1,blue,ally,range01_frame_000673.png,336.0,"#440[TaW]が#480[AA0A]領有中のLv.1都市#480(949,149)を攻撃し、陣営のために破壊宝箱×2を勝ち取りました"
#480,c-2,49,249,2026-6-6 04:43:2,#534,4tH,PmP,1,blue,ally,range01_frame_000384.png,191.5,"#534[4tH]が#480[PmP]領有中のLv.1都市 #480(49,249)を攻撃し、陣営のために破壊宝箱×2を勝ち取りました"
#480,c-4,149,249,2026-6-6 04:41:4,#534,4tH,PmP,1,blue,ally,range01_frame_000382.png,190.5,"#534[4tH]が#480[PmP]領有中のLv.1都市 #480(149,249)を攻撃し、陣営のために破壊宝箱×2を勝ち取りました"
#480,c-6,249,249,2026-5-27 12:11:3,#440,BAJ,BgNa,2,blue,ally,range01_frame_000044.png,21.0,"#440[BAJ]が#480[BgNa]領有中のLv.2都市 #480(249,249)を攻撃し、陣営のために破壊宝箱×5を勝ち取りました"
#480,c-10,449,249,2026-5-30 12:14:2,#440,GcC,BgNa,2,blue,ally,range01_frame_000183.png,91.0,"#440[GcC]が#480[BgNa]領有中のLv.2都市 #480(449,249)を攻撃し、陣営のために破壊宝箱×5を勝ち取りました"
#480,c-12,549,249,2026-5-27 12:17:5,#509,SsQ,CDF8,2,blue,ally,range01_frame_000064.png,31.0,"#509[SsQ]が#480[CDF8]領有中のLv.2都市#480(549,249)を攻撃し、陣営のために破壊宝箱×5を勝ち取りました"
#480,c-14,649,249,2026-5-27 12:20:0,#509,SsQ,CDf8,2,blue,ally,range01_frame_000067.png,33.0,"#509[SsQ]が#480[CDf8]領有中のLv.2都市#480(649,249)を攻撃し、陣営のために破壊宝箱×5を勝ち取りました"
#480,c-16,749,249,2026-5-27 12:17:5,#509,SsQ,CDf8,2,blue,ally,range01_frame_000057.png,28.0,"#509[SsQ]が#480[CDf8]領有中のLv.2都市 #480(749,249)を攻撃し、陣営のために破壊宝箱×5を勝ち取りました"
#480,c-18,849,249,2026-6-20 04:02:4,#509,MOn,AA0A,1,blue,ally,range01_frame_000673.png,336.0,"#509[MOn]が#480[AA0A]領有中のLv.1都市#480(849,249)を攻撃し、陣営のために破壊宝箱×2を勝ち取りました"
#480,c-20,949,249,2026-6-20 20:05:1,#440,TaW,Digg,1,blue,ally,range01_frame_000713.png,356.0,"#440[TaW]が#480[Digg]領有中のLv.1都市 #480(949,249)を攻撃し、陣営のために破壊宝箱×2を勝ち取りました"
#480,d-2,49,349,2026-6-10 04:03:1,#534,4tH,PmP,1,blue,ally,range01_frame_000428.png,213.5,"#534[4tH]が#480[PmP]領有中のLv.1都市 #480(49,349)を攻撃し、陣営のために破壊宝箱×2を勝ち取りました"
#480,d-4,149,349,2026-6-10 04:06:1,#440,TaU,PmP,1,blue,ally,range01_frame_000434.png,216.5,"#440[TaU]が#480[PmP]領有中のLv.1都市 #480(149,349)を攻撃し、陣営のために破壊宝箱×2を勝ち取りました"
#480,d-6,249,349,2026-5-30 12:03:4,#440,GoDs,WbW,2,blue,ally,range01_frame_000165.png,82.0,"#440[GoDs]が#480[WbW]領有中のLv.2都市 #480(249,349)を攻撃し、陣営のために破壊宝箱×5を勝ち取りました"
#480,d-8,349,349,2026-5-27 20:01:4,#440,BAJ,WbU,3,blue,ally,range01_frame_000111.png,55.0,"#440[BAJ]が#480[WbU]領有中のLv.3都市#480(349,349)を攻撃し、陣営のために破壊宝箱×10を勝ち取りました"
#480,d-10,449,349,2026-5-27 20:12:1,#440,GcC,BgNa,3,blue,ally,range01_frame_000131.png,65.0,"#440[GcC]が#480[BgNa]領有中のLv.3都市 #480(449,349)を攻撃し、陣営のために破壊宝箱×10を勝ち取りました"
#480,d-12,549,349,2026-5-27 20:23:1,#440,GcC,WbW,3,blue,ally,range01_frame_000139.png,69.0,"#440[GcC]が#480[WbW]領有中のLv.3都市 #480(549,349)を攻撃し、陣営のために破壊宝箱×10を勝ち取りました"
#480,d-14,649,349,2026-5-30 12:04:5,#509,SsQ,BgNa,3,blue,ally,range01_frame_000169.png,84.0,"#509[SsQ]が#480[BgNa]領有中のLv.3都市 #480(649,349)を攻撃し、陣営のために破壊宝箱×10を勝ち取りました"
#480,d-16,749,349,2026-6-3 12:02:5,#509,5sQ,CDf8,2,blue,ally,range01_frame_000287.png,143.0,"#509[5sQ]が#480[CDf8]領有中のLv.2都市 #480(749,349)を攻撃し、陣営のために破壊宝箱×5を勝ち取りました"
#480,d-18,849,349,2026-6-20 04:24:3,#509,MOn,AA0A,1,blue,ally,range01_frame_000674.png,336.0,"#509[MOn]が#480[AA0A]領有中のLv.1都市#480(849,349)を攻撃し、陣営のために破壊宝箱×2を勝ち取りました"
#480,e-2,49,449,2026-6-10 20:02:0,#534,n09,PmP,1,blue,ally,range01_frame_000493.png,245.5,"#534[n09]が#480[PmP]領有中のLv.1都市#480(49,449)を攻撃し、陣営のために破壊宝箱×2を勝ち取りました"
#480,e-4,149,449,2026-6-10 04:03:1,#534,4tH,PmP,1,blue,ally,range01_frame_000427.png,212.5,"#534[4tH]が#480[PmP]領有中のLv.1都市#480(149,449)を攻撃し、陣営のために破壊宝箱×2を勝ち取りました"
#480,e-6,249,449,2026-5-30 04:02:3,#440,GoDs,TkTk,2,blue,ally,range01_frame_000147.png,73.0,"#440[GoDs]が#480[TkTk]領有中のLv.2都市 #480(249,449)を攻撃し、陣営のために破壊宝箱×5を勝ち取りました"
#480,e-8,349,449,2026-5-30,#440,BAJ,BgNa,3,blue,ally,range01_frame_000221.png,110.0,"#440[BAJ]が#480[BgNa]領有中のLv.3都市 #480(349,449)を攻撃し、陣営のために破壊宝箱×10を勝ち取りました"
#480,e-14,649,449,2026-5-30 12:01:48,#509,SsQ,CDf8,3,blue,ally,range01_frame_000163.png,81.0,"#509[SsQ]が#480[CDf8]領有中のLv.3都市 #480(649,449)を攻撃し、陣営のために破壊宝箱×10を勝ち取りました"
#480,e-16,749,449,2026-6-17 12:08:0,#509,MOn,CDf8,2,blue,ally,range01_frame_000636.png,317.0,"#509[MOn]が#480[CDf8]領有中のLv.2都市 #480(749,449)を攻撃し、陣営のために破壊宝箱×5を勝ち取りました"
#480,f-2,49,549,2026-6-6 20:18:0,#440,GoDs,Digg,1,blue,ally,range01_frame_000420.png,209.5,"#440[GoDs]が#480[Digg]領有中のLv.1都市 #480(49,549)を攻撃し、陣営のために破壊宝箱×2を勝ち取りました"
#480,f-4,149,549,2026-6-6 20:30:3,#534,89M,Digg,1,blue,ally,range01_frame_000420.png,209.5,"#534[89M]が#480[Digg]領有中のLv.1都市 #480(149,549)を攻撃し、陣営のために破壊宝箱×2を勝ち取りました"
#480,f-8,349,549,2026-5-30 20:15:3,#440,BAJ,BgNa,3,blue,ally,range01_frame_000246.png,122.0,"#440[BAJ]が#480[BgNa]領有中のLv.3都市#480(349,549)を攻撃し、陣営のために破壊宝箱×10を勝ち取りました"
#480,f-16,749,549,2026-6-20 04:08:5,#509,SsQ,AA0A,2,blue,ally,range01_frame_000673.png,336.0,"#509[SsQ]が#480[AA0A]領有中のLv.2都市#480(749,549)を攻撃し、陣営のために破壊宝箱×5を勝ち取りました"
#480,g-2,49,649,2026-6-10 04:07:3,#534,KTVS,TkTk,1,blue,ally,range01_frame_000434.png,216.5,"#534[KTVS]が#480[TkTk]領有中のLv.1都市 #480(49,649)を攻撃し、陣営のために破壊宝箱×2を勝ち取りました"
#480,g-4,149,649,2026-6-10 04:40:4,#534,89M,TkTk,1,blue,ally,range01_frame_000442.png,220.5,"#534[89M]が#480[TkTk]領有中のLv.1都市#480(149,649)を攻撃し、陣営のために破壊宝箱×2を勝ち取りました"
#480,g-10,449,649,2026-6-10 12:14:3,#440,GcC,RCON,3,blue,ally,range01_frame_000459.png,228.5,"#440[GcC]が#480[RCON]領有中のLv.3都市 #480(449,649)を攻撃し、陣営のために破壊宝箱×10を勝ち取りました"
#480,g-16,749,649,2026-6-20 12:48:4,#440,GcC,BgNa,2,blue,ally,range01_frame_000713.png,356.0,"#440[GcC]が#480[BgNa]領有中のLv.2都市 #480(749,649)を攻撃し、陣営のために破壊宝箱×5を勝ち取りました"
#480,g-18,849,649,2026-6-20 12:30:2,#509,SsQ,BgNa,1,blue,ally,range01_frame_000699.png,349.0,"#509[SsQ]が#480[BgNa]領有中のLv.1都市 #480(849,649)を攻撃し、陣営のために破壊宝箱×2を勝ち取りました"
#480,h-2,49,749,2026-5-30 12:16:10,#534,JDX,MtG,1,blue,ally,range01_frame_000192.png,95.0,"#534[JDX]が#480[MtG]領有中のLv.1都市 #480(49,749)を攻撃し、陣営のために破壊宝箱×2を勝ち取りました"
#480,h-4,149,749,2026-5-30 12:23:3,#534,JDX,MtG,1,blue,ally,range01_frame_000211.png,105.0,"#534[JDX]が#480[MtG]領有中のLv.1都市 #480(149,749)を攻撃し、陣営のために破壊宝箱×2を勝ち取りました"
#480,h-8,349,749,2026-6-3 12:11:40,#534,KTVS,TkTk,2,blue,ally,range01_frame_000306.png,152.5,"#534[KTVS]が#480[TkTk]領有中のLv.2都市 #480(349,749)を攻撃し、陣営のために破壊宝箱×5を勝ち取りました"
#480,h-14,649,749,2026-6-20 12:48:4,#440,BAJ,WbU,2,blue,ally,range01_frame_000705.png,352.0,"#440[BAJ]が#480[WbU]領有中のLv.2都市 #480(649,749)を攻撃し、陣営のために破壊宝箱×5を勝ち取りました"
#480,h-16,749,749,2026-6-17 20:30:2,#440,GcC,AAOA,2,blue,ally,range01_frame_000665.png,332.0,"#440[GcC]が#480[AAOA]領有中のLv.2都市 #480(749,749)を攻撃し、陣営のために破壊宝箱×5を勝ち取りました"
#480,i-2,49,849,2026-5-30 12:19:0,#509,FHX,RCON,1,blue,ally,range01_frame_000201.png,100.0,"#509[FHX]が#480[RCON]領有中のLv.1都市 #480(49,849)を攻撃し、陣営のために破壊宝箱×2を勝ち取りました"
#480,i-4,149,849,2026-5-30 12:19:3,#509,FHX,RCON,1,blue,ally,range01_frame_000211.png,105.0,"#509[FHX]が#480[RCON]領有中のLv.1都市 #480(149,849)を攻撃し、陣営のために破壊宝箱×2を勝ち取りました"
#480,i-6,249,849,2026-6-3 12:13:1,#534,KTVS,RCON,1,blue,ally,range01_frame_000320.png,159.5,"#534[KTVS]が#480[RCON]領有中のLv.1都市 #480(249,849)を攻撃し、陣営のために破壊宝箱×2を勝ち取りました"
#480,i-8,349,849,2026-6-10 12:14:3,#509,BHE,RCON,1,blue,ally,range01_frame_000462.png,230.5,"#509[BHE]が#480[RCON]領有中のLv.1都市 #480(349,849)を攻撃し、陣営のために破壊宝箱×2を勝ち取りました"
#480,j-2,49,949,2026-6-6 12:21:3,#509,MOn,MtG,1,blue,ally,range01_frame_000398.png,198.5,"#509[MOn]が#480[MtG]領有中のLv.1都市 #480(49,949)を攻撃し、陣営のために破壊宝箱×2を勝ち取りました"
#480,j-4,149,949,2026-6-6 12:21:3,#509,BHE,MtG,1,blue,ally,range01_frame_000399.png,198.5,"#509[BHE]が#480[MtG]領有中のLv.1都市 #480(149,949)を攻撃し、陣営のために破壊宝箱×2を勝ち取りました"
#480,j-6,249,949,2026-6-6 09:03:0,#534,KTVS,,1,blue,ally,range01_frame_000388.png,193.5,"#534[KTVS]が#480領有中のLv.1都市#480(249,949)を攻撃し、陣営のために破壊宝箱×2を勝ち取りました"
#480,j-8,349,949,2026-6-6 12:14:58,#534,JDX,TkTk,1,blue,ally,range01_frame_000400.png,199.5,"#534[JDX]が#480[TkTk]領有中のLv.1都市 #480(349,949)を攻撃し、陣営のために破壊宝箱×2を勝ち取りました"
#509,a-4,149,49,2026-5-27 00:11:4,#476,476Z,,1,red,enemy,range01_frame_000009.png,4.0,"#476[476Z]が#509領有中のLv.1都市#509(149,49)を攻撃し、陣営のために破壊宝箱×2を勝ち取りました"
#509,a-6,249,49,2026-5-27 00:04:30,#476,476Z,,1,red,enemy,range01_frame_000009.png,4.0,"#476[476Z]が#509領有中のLv.1都市#509(249,49)を攻撃し、陣営のために破壊宝箱×2を勝ち取りました"
#509,a-8,349,49,2026-5-27 00:17:4,#476,476Z,,1,red,enemy,range01_frame_000009.png,4.0,"#476[476Z]が#509領有中のLv.1都市#509(349,49)を攻撃し、陣営のために破壊宝箱×2を勝ち取りました"
#509,a-10,449,49,2026-5-27 00:35:3,#476,ALj,,1,red,enemy,range01_frame_000013.png,6.0,"#476[ALj]が#509領有中のLv.1都市#509(449,49)を攻撃し、陣営のために破壊宝箱×2を勝ち取りました"
#509,a-12,549,49,2026-5-27 00:52:1,#476,ALj,,1,red,enemy,range01_frame_000013.png,6.0,"#476[ALj]が#509領有中のLv.1都市#509(549,49)を攻撃し、陣営のために破壊宝箱×2を勝ち取りました"
#509,a-14,649,49,2026-5-27 00:52:1,#476,ALj,,1,red,enemy,range01_frame_000009.png,4.0,"#476[ALj]が#509領有中のLv.1都市#509(649,49)を攻撃し、陣営のために破壊宝箱×2を勝ち取りました"
#509,a-16,749,49,2026-6-3 12:48:4,#503,Sti,SHA,1,red,enemy,range01_frame_000345.png,171.5,"#503[Sti]が#534[SHA]領有中のLv.1都市 #509(749,49)を攻撃し、陣営のために破壊宝箱×2を勝ち取りました"
#509,a-18,849,49,2026-6-3 20:03:13,#503,GX99,AoW,1,red,enemy,range01_frame_000362.png,180.5,"#503[GX99]が#509[AoW]領有中のLv.1都市 #509(849,49)を攻撃し、陣営のために破壊宝箱×2を勝ち取りました"
#509,b-2,49,149,2026-6-13 20:46:0,#503,GX99,SHA,1,red,enemy,range01_frame_000595.png,297.0,"#503[GX99]が#534[SHA]領有中のLv.1都市#509(49,149)を攻撃し、陣営のために破壊宝箱×2を勝ち取りました"
#509,b-4,149,149,2026-6-17 04:02:1,#476,476d,eXt,1,red,enemy,range01_frame_000605.png,302.0,"#476[476d]が#509[eXt]領有中のLv.1都市#509(149,149)を攻撃し、陣営のために破壊宝箱×2を勝ち取りました"
#509,b-6,249,149,2026-6-17 04:03:5,#476,476d,VEX,1,red,enemy,range01_frame_000605.png,302.0,"#476[476d]が#509[VEX]領有中のLv.1都市#509(249,149)を攻撃し、陣営のために破壊宝箱×2を勝ち取りました"
#509,b-8,349,149,2026-6-13 12:02:4,#476,476d,VEX,1,red,enemy,range01_frame_000545.png,272.0,"#476[476d]が#509[VEX]領有中のLv.1都市 #509(349,149)を攻撃し、陣営のために破壊宝箱×2を勝ち取りました"
#509,b-10,449,149,2026-6-13 04:39:33,#476,476d,VEX,1,red,enemy,range01_frame_000537.png,268.0,"#476[476d]が#509[VEX]領有中のLv.1都市 #509(449,149)を攻撃し、陣営のために破壊宝箱×2を勝ち取りました"
#509,b-12,549,149,2026-5-30 12:41:0,#503,TIKW,VEX,1,red,enemy,range01_frame_000224.png,111.0,"#503[TIKW]が#509[VEX]領有中のLv.1都市 #509(549,149)を攻撃し、陣営のために破壊宝箱×2を勝ち取りました"
#509,b-14,649,149,2026-6-3 12:48:4,#503,one,AoW,1,red,enemy,range01_frame_000338.png,168.5,"#503[one]が#509[AoW]領有中のLv.1都市#509(649,149)を攻撃し、陣営のために破壊宝箱×2を勝ち取りました"
#509,b-16,749,149,2026-5-30 04:31:1,#503,one,OWM,1,red,enemy,range01_frame_000147.png,73.0,"#503[one]が#509[OWM]領有中のLv.1都市 #509(749,149)を攻撃し、陣営のために破壊宝箱×2を勝ち取りました"
#509,b-18,849,149,2026-6-6 12:10:4,#503,one,AoW,1,red,enemy,range01_frame_000390.png,194.5,"#503[one]が#509[AoW]領有中のLv.1都市#509(849,149)を攻擊し、陣営のために破壊宝箱×2を勝ち取りました"
#509,c-2,49,249,2026-6-13 12:20:1,#509,tWD,,1,red,enemy,range01_frame_000553.png,276.0,"#503[GX99]が#509[tWD]領有中のLv.1都市 #509(49,249)を攻撃し、陣営のために破壊宝箱×2を勝ち取りました"
#509,c-4,149,249,2026-6-6 20:26:4,#476,476d,tWD,1,red,enemy,range01_frame_000418.png,208.5,"#476[476d]が#509[tWD]領有中のLv.1都市 #509(149,249)を攻撃し、陣営のために破壊宝箱×2を勝ち取りました"
#509,c-6,249,249,2026-6-6 12:24:0,#476,476d,tWD,2,red,enemy,range01_frame_000403.png,200.5,"#476[476d]が#509[tWD]領有中のLv.2都市 #509(249,249)を攻撃し、陣営のために破壊宝箱×5を勝ち取りました"
#509,c-8,349,249,2026-5-30 00:08:1,#476,476d,VEX,2,red,enemy,range01_frame_000147.png,73.0,"#476[476d]が#509[VEX]領有中のLv.2都市 #509(349,249)を攻撃し、陣営のために破壊宝箱×5を勝ち取りました"
#509,c-10,449,249,2026-5-27 12:22:4,#503,Lghs,VEX,2,red,enemy,range01_frame_000073.png,36.0,"#503[Lghs]が#509[VEX]領有中のLv.2都市 #509(449,249)を攻撃し、陣営のために破壊宝箱×5を勝ち取りました"
#509,c-12,549,249,2026-5-30 04:48:18,#476,476d,VEX,2,red,enemy,range01_frame_000163.png,81.0,"#476[476d]が#509[VEX]領有中のLv.2都市 #509(549,249)を攻撃し、陣営のために破壊宝箱×5を勝ち取りました"
#509,c-14,649,249,2026-5-30 12:03:5,#503,GX99,SsQ,2,red,enemy,range01_frame_000166.png,82.0,"#503[GX99]が#509[SsQ]領有中のLv.2都市 #509(649,249)を攻撃し、陣営のために破壊宝箱×5を勝ち取りました"
#509,c-16,749,249,2026-5-30 12:19:4,#503,one,SsQ,2,red,enemy,range01_frame_000201.png,100.0,"#503[one]が#509[SsQ]領有中のLv.2都市 #509(749,249)を攻撃し、陣営のために破壊宝箱×5を勝ち取りました"
#509,c-18,849,249,2026-5-27 12:19:5,#480,RCON,SsQ,1,red,enemy,range01_frame_000063.png,31.0,"#480[RCON]が#509[SsQ]領有中のLv.1都市#509(849,249)を攻撃し、陣営のために破壊宝箱×2を勝ち取りました"
#509,d-2,49,349,2026-6-13 12:08:33,#503,one,BHE,1,red,enemy,range01_frame_000549.png,274.0,"#503[one]が#509[BHE]領有中のLv.1都市 #509(49,349)を攻撃し、陣営のために破壊宝箱×2を勝ち取りました"
#509,d-4,149,349,2026-6-10 20:07:0,#503,GX99,tWD,1,red,enemy,range01_frame_000508.png,253.5,"#503[GX99]が#509[tWD]領有中のLv.1都市 #509(149,349)を攻撃し、陣営のために破壊宝箱×2を勝ち取りました"
#509,d-6,249,349,2026-5-30 12:14:2,#503,GX99,tWD,2,red,enemy,range01_frame_000197.png,98.0,"#503[GX99]が#509[tWD]領有中のLv.2都市 #509(249,349)を攻撃し、陣営のために破壊宝箱×5を勝ち取りました"
#509,d-8,349,349,2026-5-30 12:32:2,#476,476A,VEX,3,red,enemy,range01_frame_000217.png,108.0,"#476[476A]が#509[VEX]領有中のLv.3都市 #509(349,349)を攻撃し、陣営のために破壊宝箱×10を勝ち取りました"
#509,d-10,449,349,2026-5-27 20:17:5,#476,476A,SsQ,3,red,enemy,range01_frame_000125.png,62.0,"#476[476A]が#509[SsQ]領有中のLv.3都市 #509(449,349)を攻撃し、陣営のために破壊宝箱×10を勝ち取りました"
#509,d-12,549,349,2026-5-27 20:04:0,#476,476A,SsQ,3,red,enemy,range01_frame_000115.png,57.0,"#476[476A]が#509[SsQ]領有中のLv.3都市#509(549,349)を攻撃し、陣営のために破壊宝箱×10を勝ち取りました"
#509,d-14,649,349,2026-6-6 10:35:1,#503,GX99,FHX,3,red,enemy,range01_frame_000392.png,195.5,"#503[GX99]が#509[FHX]領有中のLv.3都市 #509(649,349)を攻撃し、陣営のために破壊宝箱×10を勝ち取りました"
#509,d-16,749,349,2026-5-30 12:19:5,#480,RCON,SsQ,2,red,enemy,range01_frame_000201.png,100.0,"#480[RCON]が#509[SsQ]領有中のLv.2都市 #509(749,349)を攻撃し、陣営のために破壊宝箱×5を勝ち取りました"
#509,d-18,849,349,2026-5-30 12:21:2,#480,RCON,SsQ,1,red,enemy,range01_frame_000208.png,103.0,"#480[RCON]が#509[SsQ]領有中のLv.1都市 #509(849,349)を攻撃し、陣営のために破壊宝箱×2を勝ち取りました"
#509,e-2,49,449,2026-6-13 12:01:5,#503,xjR,tWD,1,red,enemy,range01_frame_000535.png,267.0,"#503[xjR]が#509[tWD]領有中のLv.1都市 #509(49,449)を攻撃し、陣営のために破壊宝箱×2を勝ち取りました"
#509,e-4,149,449,2026-6-3 12:14:20,#503,fzn,tWD,1,red,enemy,range01_frame_000326.png,162.5,"#503[fzn]が#509[tWD]領有中のLv.1都市 #509(149,449)を攻撃し、陣営のために破壊宝箱×2を勝ち取りました"
#509,e-6,249,449,2026-5-30 12:15:2,#503,Lghs,tWD,2,red,enemy,range01_frame_000197.png,98.0,"#503[Lghs]が#509[tWD]領有中のLv.2都市 #509(249,449)を攻撃し、陣営のために破壊宝箱×5を勝ち取りました"
#509,e-8,349,449,2026-5-30 12:26:?,#476,476A,SsQ,3,red,enemy,range01_frame_000216.png,107.0,"#476[476A]が#509[SsQ]領有中のLv.3都市#509(349,449)を攻撃し、陣営のために破壊宝箱×10を..."
#509,e-14,649,449,2026-5-30 12:04:5,#503,Lghs,FHX,3,red,enemy,range01_frame_000173.png,86.0,"#503[Lghs]が#509[FHX]領有中のLv.3都市 #509(649,449)を攻撃し、陣営のために破壊宝箱×10を勝ち取りました"
#509,e-16,749,449,2026-5-27 12:20:04,#503,Lghs,FHX,2,red,enemy,range01_frame_000076.png,37.0,"#503[Lghs]が#509[FHX]領有中のLv.2都市 #509(749,449)を攻撃し、陣営のために破壊宝箱×5を勝ち取りました"
#509,e-18,849,449,2026-6-3 12:12:4,#503,Lghs,FHX,1,red,enemy,range01_frame_000320.png,159.5,"#503[Lghs]が#509[FHX]領有中のLv.1都市 #509(849,449)を攻撃し、陣営のために破壊宝箱×2を勝ち取りました"
#509,f-2,49,549,2026-6-3 12:14:1,#503,Bye,BHE,1,red,enemy,range01_frame_000322.png,160.5,"#503[Bye]が#509[BHE]領有中のLv.1都市 #509(49,549)を攻撃し、陣営のために破壊宝箱×2を勝ち取りました"
#509,f-4,149,549,2026-6-20  ,#503,one,tWD,1,red,enemy,range01_frame_000682.png,340.0,"#503[one]が#509[tWD]領有中のLv.1都市 #509(149,549)を攻撃し、陣営のために破壊宝箱×2を勝ち取りました"
#509,f-6,249,549,2026-6-3 04:35:2,#480,TkTk,BHE,2,red,enemy,range01_frame_000280.png,139.0,"#480[TkTk]が#509[BHE]領有中のLv.2都市 #509(249,549)を攻撃し、陣営のために破壊宝箱×5を勝ち取りました"
#509,f-8,349,549,2026-6-3 12:40:00,#476,476A,tWD,3,red,enemy,range01_frame_000336.png,167.5,"#476[476A]が#509[tWD]領有中のLv.3都市 #509(349,549)を攻撃し、陣営のために破壊宝箱×10を勝ち取りました"
#509,f-14,649,549,2026-6-10 12:13:0,#503,GX99,FHX,3,red,enemy,range01_frame_000454.png,226.5,"#503[GX99]が#509[FHX]領有中のLv.3都市 #509(649,549)を攻撃し、陣営のために破壊宝箱×10を勝ち取りました"
#509,f-16,749,549,2026-5-27 12:01:5,#503,GX99,FHX,2,red,enemy,range01_frame_000027.png,13.0,"#503[GX99]が#509[FHX]領有中のLv.2都市#509(749,549)を攻撃し、陣営のために破壊宝箱×5を勝ち取りました"
#509,f-18,849,549,2026-5-27 12:01:5,#503,Bye,FHX,1,red,enemy,range01_frame_000030.png,14.0,"#503[Bye]が#509[FHX]頑有中のLv.1都市#509(849,549)を攻撃し、陣営のために破壊宝箱×2を勝ち取りました"
#509,g-2,49,649,2026-6-3,#503,Bye,eXt,1,red,enemy,range01_frame_000266.png,132.0,"#503[Bye]が#509[eXt]領有中のLv.1都市#509(49,649)を攻撃し、陣営のために破壊宝箱×?を勝ち取りました"
#509,g-4,149,649,2026-6-3 12:07:33,#480,TkTk,BHE,1,red,enemy,range01_frame_000306.png,152.5,"#480[TkTk]が#509[BHE]領有中のLv.1都市 #509(149,649)を攻撃し、陣営のために破壊宝箱×2を勝ち取りました"
#509,g-6,249,649,2026-6-3 12:06:3,#503,xjR,BHE,2,red,enemy,range01_frame_000300.png,149.5,"#503[xjR]が#509[BHE]領有中のLv.2都市 #509(249,649)を攻撃し、陣営のために破壊宝箱×5を勝ち取りました"
#509,g-8,349,649,2026-6-3 12:18:2,#476,476A,BHE,3,red,enemy,range01_frame_000328.png,163.5,"#476[476A]が#509[BHE]領有中のLv.3都市 #509(349,649)を攻撃し、陣営のために破壊宝箱×10を勝ち取りました"
#509,g-10,449,649,2026-6-6 12:14:0,#476,4766A,MOn,3,red,enemy,range01_frame_000391.png,194.5,"#476[4766A]が#509[MOn]領有中のLv.3都市#509(449,649)を攻擊し、陣営のために破壊宝箱×10を勝ち取りました"
#509,g-12,549,649,2026-6-17 04:17:5,#476,476A,FHX,3,red,enemy,range01_frame_000617.png,308.0,"#476[476A]が#509[FHX]領有中のLv.3都市 #509(549,649)を攻撃し、陣営のために破壊宝箱×10を勝ち取りました"
#509,g-16,749,649,2026-5-27 12:35:10,#503,xjR,MOn,2,red,enemy,range01_frame_000095.png,47.0,"#503[xjR]が#509[MOn]領有中のLv.2都市#509(749,649)を攻撃し、陣営のために破壊宝箱×5を勝ち取りました"
#509,g-18,849,649,2026-5-27 12:38:18,#503,UMN,MOn,1,red,enemy,range01_frame_000107.png,53.0,"#503[UMN]が#509[MOn]領有中のLv.1都市 #509(849,649)を攻撃し、陣営のために破壊宝箱×2を勝ち取りました"
#509,h-2,49,749,2026-6-3 04:20:0,#503,xjR,KOCH,1,red,enemy,range01_frame_000265.png,132.0,"#503[xjR]が#509[KOCH]領有中のLv.1都市#509(49,749)を攻撃し、陣営のために破壊宝箱×2を勝ち取りました"
#509,h-4,149,749,2026-5-30 12:0,#503,xjR,BHE,1,red,enemy,range01_frame_000180.png,89.0,"#503[xjR]が#509[BHE]領有中のLv.1都市 #509(149,749)を攻撃し、陣営のために破壊宝箱×2を勝ち取りました"
#509,h-6,249,749,2026-6-3 04:25:2,#503,fzn,BHE,2,red,enemy,range01_frame_000274.png,136.0,"#503[fzn]が#509[BHE]領有中のLv.2都市#509(249,749)を攻撃し、陣営のために破壊宝箱×2を勝ち取りました"
#509,h-8,349,749,2026-5-30 04:43:1,#503,fzn,BHE,2,red,enemy,range01_frame_000151.png,75.0,"#503[fzn]が#509[BHE]領有中のLv.2都市 #509(349,749)を攻撃し、陣営のために破壊宝箱×5を勝ち取りました"
#509,h-10,449,749,2026-6-3 12:45:5,#503,Stj,MOn,2,red,enemy,range01_frame_000334.png,166.5,"#503[Stj]が#509[MOn]領有中のLv.2都市 #509(449,749)を攻撃し、陣営のために破壊宝箱×5を勝ち取りました"
#509,h-12,549,749,2026-5-30 04:43:10,#553,IZN,BHE,2,red,enemy,range01_frame_000161.png,80.0,"#553[IZN]が#509[BHE]領有中のLv.2都市 #509(549,749)を攻撃し、陣営のために破壊宝箱×5を勝ち取りました"
#509,h-16,749,749,2026-5-27 12:20:4,#503,Stj,MOn,2,red,enemy,range01_frame_000082.png,40.0,"#503[Stj]が#509[MOn]領有中のLv.2都市 #509(749,749)を攻撃し、陣営のために破壊宝箱×5を勝ち取りました"
#509,h-18,849,749,2026-5-27 12:14:3,#503,Stj,MOn,1,red,enemy,range01_frame_000063.png,31.0,"#503[Stj]が#509[MOn]領有中のLv.1都市#509(849,749)を攻撃し、陣営のために破壊宝箱×2を勝ち取りました"
#509,i-6,249,849,2026-5-30 12:15:?,#503,xjR,OUM,1,red,enemy,range01_frame_000195.png,97.0,"#503[xjR]が#509[OUM]領有中のLv.1都市 #509(249,849)を攻撃し、陣営のために破壊宝箱×2を勝ち取りました"
#509,i-8,349,849,2026-5-30 12:05:5,#503,fzn,OUM,1,red,enemy,range01_frame_000175.png,87.0,"#503[fzn]が#509[OUM]領有中のLv.1都市 #509(349,849)を攻撃し、陣営のために破壊宝箱×2を勝ち取りました"
#509,i-10,449,849,2026-5-30 20:07:4,#503,Stj,AoU,1,red,enemy,range01_frame_000247.png,123.0,"#503[Stj]が#509[AoU]領有中のLv.1都市 #509(449,849)を攻撃し、陣営のために破壊宝箱×2を勝ち取りました"
#509,i-12,549,849,2026-5-30 12:22:4,#480,TkTk,AoWU,1,red,enemy,range01_frame_000211.png,105.0,"#480[TkTk]が#509[AoWU]領有中のLv.1都市 #509(549,849)を攻撃し、陣営のために破壊宝箱×2を勝ち取りました"
#509,i-14,649,849,2026-5-27 12:30:0,#503,xjR,OTT,1,red,enemy,range01_frame_000085.png,42.0,"#503[xjR]が#509[OTT]領有中のLv.1都市#509(649,849)を攻撃し、陣営のために破壊宝箱×2を勝ち取りました"
#509,i-16,749,849,2026-5-27 20:23:1,#503,UMN,OTT,1,red,enemy,range01_frame_000135.png,67.0,"#503[UMN]が#509[OTT]領有中のLv.1都市 #509(749,849)を攻撃し、陣営のために破壊宝箱×2を勝ち取りました"
#509,i-18,849,849,2026-5-30 20:12:3,#503,Stj,OTT,1,red,enemy,range01_frame_000247.png,123.0,"#503[Stj]が#509[OTT]領有中のLv.1都市 #509(849,849)を攻撃し、陣営のために破壊宝箱×2を勝ち取りました"
#509,j-6,249,949,2026-6-6 04:29:0,#503,UMN,OUM,1,red,enemy,range01_frame_000376.png,187.5,"#503[UMN]が#509[OUM]領有中のLv.1都市 #509(249,949)を攻撃し、陣営のために破壊宝箱×2を勝ち取りました"
#509,j-8,349,949,2026-6-6 04:06:2,#503,UMN,OWM,1,red,enemy,range01_frame_000366.png,182.5,"#503[UMN]が#509[OWM]領有中のLv.1都市 #509(349,949)を攻撃し、陣営のために破壊宝箱×2を勝ち取りました"
#509,j-10,449,949,2026-6-3 12:27:1,#503,UMN,AoW,1,red,enemy,range01_frame_000322.png,160.5,"#503[UMN]が#509[AoW]領有中のLv.1都市 #509(449,949)を攻撃し、陣営のために破壊宝箱×2を勝ち取りました"
#509,j-12,549,949,2026-5-30 20:04:58,#503,UMN,AoU,1,red,enemy,range01_frame_000247.png,123.0,"#503[UMN]が#509[AoU]領有中のLv.1都市 #509(549,949)を攻撃し、陣営のために破壊宝箱×2を勝ち取りました"
#509,j-14,649,949,2026-6-3 12:30:0,#503,hMt,OTT,1,red,enemy,range01_frame_000328.png,163.5,"#503[hMt]が#509[OTT]領有中のLv.1都市 #509(649,949)を攻撃し、陣営のために破壊宝箱×2を勝ち取りました"
#509,j-16,749,949,2026-5-30 12:32:5,#503,UMN,OTT,1,red,enemy,range01_frame_000219.png,109.0,"#503[UMN]が#509[OTT]領有中のLv.1都市 #509(749,949)を攻撃し、陣営のために破壊宝箱×2を勝ち取りました"
#509,j-18,849,949,2026-5-30 12:46:4,#503,hMt,OTT,1,red,enemy,range01_frame_000239.png,119.0,"#503[hMt]が#509[OTT]領有中のLv.1都市#509(849,949)を攻撃し、陣営のために破壊宝箱×2を勝ち取りました"
#511,a-4,149,49,2026-5-30 04:07:4,#523,u3o,SVh,1,red,enemy,range01_frame_000145.png,72.0,"#523[u3o]が#511[SVh]領有中のLv.1都市#511(149,49)を攻撃し、陣営のために破壊宝箱×2を勝ち取りました"
#511,a-6,249,49,2026-5-27 12:14:3,#523,u3o,,1,red,enemy,range01_frame_000051.png,25.0,"#523[u3o]が#511領有中のLv.1都市#511(249,49)を攻撃し、陣営のために破壊宝箱×2を勝ち取りました"
#511,a-10,449,49,2026-6-17 04:39:5,#523,NBNH,2N7,1,red,enemy,range01_frame_000625.png,312.0,"#523[NBNH]が#511[2N7]領有中のLv.1都市 #511(449,49)を攻撃し、陣営のために破壊宝箱×2を勝ち取りました"
#511,a-12,549,49,2026-5-30 04:48:1,#523,K4TR,,1,red,enemy,range01_frame_000157.png,78.0,"#523[K4TR]が#511領有中のLv.1都市#511(549,49)を攻撃し、陣営のために破壊宝箱×2を勝ち取りました"
#511,a-14,649,49,2026-5-30 12:50:1,#523,EDFS,,1,blue,ally,range01_frame_000239.png,119.0,"#523[EDFS]が#511領有中のLv.1都市#511(649,49)を攻撃し、陣営のために破壊宝箱×2を勝ち取りました"
#511,a-16,749,49,2026-6-3 12:41:20,#523,K4TR,,1,red,enemy,range01_frame_000336.png,167.5,"#523[K4TR]が#511領有中のLv.1都市#511(749,49)を攻撃し、陣営のために破壊宝箱×2を勝ち取りました"
#511,b-4,149,149,2026-5-27 12:07:3,#523,K4TR,2N7,1,red,enemy,range01_frame_000047.png,23.0,"#523[K4TR]が#511[2N7]領有中のLv.1都市#511(149,149)を攻撃し、陣営のために破壊宝箱×2を勝ち取りました"
#511,b-6,249,149,2026-5-27 12:23:2,#523,u3o,,1,red,enemy,range01_frame_000075.png,37.0,"#523[u3o]が#511領有中のLv.1都市 #511(249,149)を攻撃し、陣営のために破壊宝箱×2を勝ち取りました"
#511,b-8,349,149,2026-5-27 12:17:5,#523,K4TR,,1,red,enemy,range01_frame_000056.png,27.0,"#523[K4TR]が#511領有中のLv.1都市 #511(349,149)を攻撃し、陣営のために破壊宝箱×2を勝ち取りました"
#511,b-10,449,149,2026-6-3 04:34:5,#523,EDF5,sbM,1,red,enemy,range01_frame_000276.png,137.0,"#523[EDF5]が#511[sbM]領有中のLv.1都市#511(449,149)を攻撃し、陣営のために破壊宝箱×2を勝ち取りました"
#511,b-12,549,149,2026-6-10 04:25:3,#523,WUG,sbM,1,red,enemy,range01_frame_000443.png,220.5,"#523[WUG]が#511[sbM]領有中のLv.1都市#511(549,149)を攻撃し、陣営のために破壊宝箱×2を勝ち取りました"
#511,b-14,649,149,2026-6-20 04:31:2,#523,WUG,2N7,1,red,enemy,range01_frame_000683.png,341.0,"#523[WUG]が#511[2N7]領有中のLv.1都市 #511(649,149)を攻撃し、陣営のために破壊宝箱×2を勝ち取りました"
#511,b-16,749,149,2026-6-6 04:19:0,#480,AAOA,,1,blue,ally,range01_frame_000371.png,184.5,"#480[AAOA]が#511領有中のLv.1都市 #511(749,149)を攻撃し、陣営のために破壊宝箱×2を勝ち取りました"
#511,c-4,149,249,2026-5-27 04:37:2,#523,5DU,,1,red,enemy,range01_frame_000020.png,9.0,"#523[5DU]が#511領有中のLv.1都市#511(149,249)を攻撃し、陣営のために破壊宝箱×2を勝ち取りました"
#511,c-6,249,249,2026-6-13 20:39:0,#523,WUG,2N7,2,red,enemy,range01_frame_000593.png,296.0,"#523[WUG]が#511[2N7]領有中のLv.2都市#511(249,249)を攻撃し、陣営のために破壊宝箱×5を勝ち取りました"
#511,c-8,349,249,2026-6-3 04:07:5,#523,WUG,JL0,2,red,enemy,range01_frame_000258.png,128.0,"#523[WUG]が#511[JL0]領有中のLv.2都市#511(349,249)を攻撃し、陣営のために破壊宝箱×5を勝ち取りました"
#511,c-10,449,249,2026-5-30 20:41:2,#523,flrE,2N7,2,red,enemy,range01_frame_000251.png,125.0,"#523[flrE]が#511[2N7]領有中のLv.2都市#511(449,249)を攻撃し、陣営のために破壊宝箱×5を勝ち取りました"
#511,c-12,549,249,2026-6-3 04:10:2,#523,WUG,JLO,2,red,enemy,range01_frame_000265.png,132.0,"#523[WUG]が#511[JLO]領有中のLv.2都市#511(549,249)を攻撃し、陣営のために破壊宝箱×5を勝ち取りました"
#511,c-14,649,249,2026-6-3 12:40:0,#480,AA0A,sbM,2,red,enemy,range01_frame_000328.png,163.5,"#480[AA0A]が#511[sbM]領有中のLv.2都市 #511(649,249)を攻撃し、陣営のために破壊宝箱×5を勝ち取りました"
#511,c-16,749,249,2026-5-30 12:23:3,#480,AAOA,sbM,2,red,enemy,range01_frame_000219.png,109.0,"#480[AAOA]が#511[sbM]領有中のLv.2都市 #511(749,249)を攻撃し、陣営のために破壊宝箱×5を勝ち取りました"
#511,c-18,849,249,2026-6-10 12:20:0,#480,AA0A,DaNG,1,red,enemy,range01_frame_000471.png,234.5,"#480[AA0A]が#511[DaNG]領有中のLv.1都市 #511(849,249)を攻撃し、陣営のために破壊宝箱×2を勝ち取りました"
#511,c-20,949,249,2026-6-10 00:01:5,#480,UbUU,,1,red,enemy,range01_frame_000422.png,210.5,"#480[UbUU]が#511領有中のLv.1都市 #511(949,249)を攻撃し、陣営のために破壊宝箱×2を勝ち取りました"
#511,d-4,149,349,2026-5-30 12:24:1,#523,5DU,,1,red,enemy,range01_frame_000219.png,109.0,"#523[5DU]が#511領有中のLv.1都市 #511(149,349)を攻撃し、陣営のために破壊宝箱×2を勝ち取りました"
#511,d-6,249,349,2026-6-6 09:03:0,#523,5DU,,2,red,enemy,range01_frame_000392.png,195.5,"#523[5DU]が#511 領有中のLv.2都市 #511(249,349)を攻撃し、陣営のために破壊宝箱×5を勝ち取りました"
#511,d-8,349,349,2026-5-30 12:07:08,#523,flrE,2N7,3,red,enemy,range01_frame_000191.png,95.0,"#523[flrE]が#511[2N7]領有中のLv.3都市 #511(349,349)を攻撃し、陣営のために破壊宝箱×10を勝ち取りました"
#511,d-10,449,349,2026-6-3 12:03:4,#503,Lghs,2N7,3,red,enemy,range01_frame_000293.png,146.0,"#503[Lghs]が#511[2N7]領有中のLv.3都市 #511(449,349)を攻撃し、陣営のために破壊宝箱×10を勝ち取りました"
#511,d-12,549,349,2026-6-3 12:05:2,#523,NBNH,2N7,3,red,enemy,range01_frame_000293.png,146.0,"#523[NBNH]が#511[2N7]領有中のLv.3都市 #511(549,349)を攻撃し、陣営のために破壊宝箱×10を勝ち取りました"
#511,d-14,649,349,2026-5-27 12:35:0,#480,WbWU,SVa,3,red,enemy,range01_frame_000093.png,46.0,"#480[WbWU]が#511[SVa]領有中のLv.3都市#511(649,349)を攻撃し、陣営のために破壊宝箱×10を勝ち取りました"
#511,d-16,749,349,2026-6-3 12:49:5,#480,AA0A,sbM,2,red,enemy,range01_frame_000342.png,170.5,"#480[AA0A]が#511[sbM]領有中のLv.2都市#511(749,349)を攻撃し、陣営のために破壊宝箱×5を勝ち取りました"
#511,d-18,849,349,2026-6-6 04:15:1,#480,WbW,sbM,1,red,enemy,range01_frame_000369.png,183.5,"#480[WbW]が#511[sbM]領有中のLv.1都市 #511(849,349)を攻撃し、陣営のために破壊宝箱×2を勝ち取りました"
#511,d-20,949,349,2026-6-10 20:05:1,#476,476K,DaNG,1,red,enemy,range01_frame_000508.png,253.5,"#476[476K]が#511[DaNG]領有中のLv.1都市 #511(949,349)を攻撃し、陣営のために破壊宝箱×2を勝ち取りました"
#511,e-4,149,449,2026-5-27 12:19:2,#523,EDFS,,1,red,enemy,range01_frame_000072.png,35.0,"#523[EDFS]が#511領有中のLv.1都市#511(149,449)を攻撃し、陣営のために破壊宝箱×2を勝ち取りました"
#511,e-6,249,449,2026-5-30 12:20:3,#523,5DU,2N7,2,red,enemy,range01_frame_000211.png,105.0,"#523[5DU]が#511[2N7]領有中のLv.2都市 #511(249,449)を攻撃し、陣営のために破壊宝箱×5を勝ち取りました"
#511,e-8,349,449,2026-5-27 20:20:1,#523,WUG,JLO,3,red,enemy,range01_frame_000135.png,67.0,"#523[WUG]が#511[JLO]領有中のLv.3都市 #511(349,449)を攻撃し、陣営のために破壊宝箱×10を勝ち取りました"
#511,e-12,549,449,2026-5-27 12:23:2,#480,BgNa,SVa,3,red,enemy,range01_frame_000076.png,37.0,"#480[BgNa]が#511[SVa]領有中のLv.3都市 #511(549,449)を攻撃し、陣営のために破壊宝箱×10を..."
#511,e-14,649,449,2026-5-27 12:23:2,#480,BgNa,SVa,3,red,enemy,range01_frame_000087.png,43.0,"#480[BgNa]が#511[SVa]領有中のLv.3都市 #511(649,449)を攻撃し、陣営のために破壊宝箱×10を勝ち取りました"
#511,e-16,749,449,2026-6-6 04:13:00,#480,WbU,sbM,2,red,enemy,range01_frame_000365.png,181.5,"#480[WbU]が#511[sbM]領有中のLv.2都市#511(749,449)を攻撃し、陣営のために破壊宝箱×5を勝ち取りました"
#511,e-18,849,449,2026-6-10 00:10:0,#480,WbW,SVa,1,red,enemy,range01_frame_000431.png,214.5,"#480[WbW]が#511[SVa]領有中のLv.1都市 #511(849,449)を攻撃し、陣営のために破壊宝箱×2を勝ち取りました"
#511,e-20,949,449,2026-6-10 20:02:5,#476,476K,DaNG,1,red,enemy,range01_frame_000496.png,247.5,"#476[476K]が#511[DaNG]領有中のLv.1都市 #511(949,449)を攻撃し、陣営のために破壊宝箱×2を勝ち取りました"
#511,f-6,249,549,2026-6-3 04:04:2,#523,flrE,JL0,2,red,enemy,range01_frame_000255.png,127.0,"#523[flrE]が#511[JL0]領有中のLv.2都市 #511(249,549)を攻撃し、陣営のために破壊宝箱×5を勝ち取りました"
#511,f-8,349,549,2026-5-30 20:04:5,#523,WUG,JLO,3,red,enemy,range01_frame_000237.png,118.0,"#523[WUG]が#511[JLO]領有中のLv.3都市#511(349,549)を攻撃し、陣営のために破壊宝箱×10を勝ち取りました"
#511,f-14,649,549,2026-6-3 12:06:33,#480,WbW,SVa,3,red,enemy,range01_frame_000306.png,152.5,"#480[WbW]が#511[SVa]領有中のLv.3都市 #511(649,549)を攻撃し、陣営のために破壊宝箱×10を勝ち取りました"
#511,f-16,749,549,2026-6-6 04:18:0,#480,WbWU,sbM,2,red,enemy,range01_frame_000371.png,184.5,"#480[WbWU]が#511[sbM]領有中のLv.2都市 #511(749,549)を攻撃し、陣営のために破壊宝箱×5を勝ち取りました"
#511,f-20,949,549,2026-6-13 12:30:00,#476,476M,SVa,1,red,enemy,range01_frame_000563.png,281.0,"#476[476M]が#511[SVa]領有中のLv.1都市#511(949,549)を攻撃し、陣営のために破壊宝箱×2を勝ち取りました"
#511,g-4,149,649,2026-6-10 04:19:4,#523,WUG,JL0,1,red,enemy,range01_frame_000443.png,220.5,"#523[WUG]が#511[JL0]領有中のLv.1都市#511(149,649)を攻撃し、陣営のために破壊宝箱×2を勝ち取りました"
#511,g-6,249,649,2026-5-27 20:25:5,#523,WUG,JLO,2,red,enemy,range01_frame_000135.png,67.0,"#523[WUG]が#511[JLO]領有中のLv.2都市 #511(249,649)を攻撃し、陣営のために破壊宝箱×5を勝ち取りました"
#511,g-8,349,649,2026-5-30 04:11:0,#523,WUG,JLO,3,red,enemy,range01_frame_000146.png,72.0,"#523[WUG]が#511[JLO]領有中のLv.3都市#511(349,649)を攻撃し、陣営のために破壊宝箱×10を勝ち取りました"
#511,g-10,449,649,2026-5-27 20:17:5,#480,WbW,DaNG,3,red,enemy,range01_frame_000135.png,67.0,"#480[WbW]が#511[DaNG]領有中のLv.3都市 #511(449,649)を攻撃し、陣営のために破壊宝箱×10を勝ち取りました"
#511,g-12,549,649,2026-5-30 12:42:5,#480,BgNa,DaNG,3,red,enemy,range01_frame_000225.png,112.0,"#480[BgNa]が#511[DaNG]領有中のLv.3都市 #511(549,649)を攻撃し、陣営のために破壊宝箱×10を勝ち取りました"
#511,g-14,649,649,2026-6-3 12:02:5,#480,BgNa,DaNG,3,red,enemy,range01_frame_000296.png,147.5,"#480[BgNa]が#511[DaNG]領有中のLv.3都市 #511(649,649)を攻撃し、陣営のために破壊宝箱×10を勝ち取りました"
#511,g-16,749,649,2026-6-6 04:13:0,#480,BgNa,SVa,2,red,enemy,range01_frame_000366.png,182.5,"#480[BgNa]が#511[SVa]領有中のLv.2都市 #511(749,649)を攻撃し、陣営のために破壊宝箱×5を勝ち取りました"
#511,g-18,849,649,2026-5-27 12:06:1,#480,BgNa,,1,blue,ally,range01_frame_000045.png,22.0,"#480[BgNa]が#511領有中のLv.1都市 #511(849,649)を攻撃し、陣営のために破壊宝箱×2を勝ち取りました"
#511,g-20,949,649,2026-5-27 20:??:??,#480,CDf8,,1,red,enemy,range01_frame_000136.png,67.0,"#480[CDf8]が#511領有中のLv.1都市 #511(949,649)を攻撃し、陣営のために破壊宝箱×2を勝ち取りました"
#511,h-4,149,749,2026-6-20 20:05:1,#523,NBNH,JLO,1,red,enemy,range01_frame_000715.png,357.0,"#523[NBNH]が#511[JLO]領有中のLv.1都市 #511(149,749)を攻撃し、陣営のために破壊宝箱×2を勝ち取りました"
#511,h-6,249,749,2026-5-27 12:28:4,#523,flrE,,2,red,enemy,range01_frame_000087.png,43.0,"#523[flrE]が#511領有中のLv.2都市 #511(249,749)を攻撃し、陣営のために破壊宝箱×5を勝ち取りました"
#511,h-8,349,749,2026-6-3 04:02:3,#523,flrE,JLO,2,red,enemy,range01_frame_000253.png,126.0,"#523[flrE]が#511[JLO]領有中のLv.2都市#511(349,749)を攻撃し、陣営のために破壊宝箱×5を勝ち取りました"
#511,h-10,449,749,2026-5-27 12:33:2,#523,NBNH,DaNG,2,red,enemy,range01_frame_000087.png,43.0,"#523[NBNH]が#511[DaNG]領有中のLv.2都市 #511(449,749)を攻撃し、陣営のために破壊宝箱×5を勝ち取りました"
#511,h-12,549,749,2026-5-27 12:02:3,#476,476X,DaNG,2,red,enemy,range01_frame_000032.png,15.0,"#476[476X]が#511[DaNG]領有中のLv.2都市 #511(549,749)を攻撃し、陣営のために破壊宝箱×5を勝ち取りました"
#511,h-14,649,749,2026-5-27 12:03:3,#476,476X,DaNG,2,red,enemy,range01_frame_000045.png,22.0,"#476[476X]が#511[DaNG]領有中のLv.2都市 #511(649,749)を攻撃し、陣営のために破壊宝箱×5を勝ち取りました"
#511,h-16,749,749,2026-5-30 12:03:5,#476,476X,SVa,2,red,enemy,range01_frame_000165.png,82.0,"#476[476X]が#511[SVa]領有中のLv.2都市 #511(749,749)を攻撃し、陣営のために破壊宝箱×5を勝ち取りました"
#511,h-18,849,749,2026-6-10 12:40:5,#480,AA0A,SVa,1,red,enemy,range01_frame_000480.png,239.5,"#480[AA0A]が#511[SVa]領有中のLv.1都市 #511(849,749)を攻撃し、陣営のために破壊宝箱×2を勝ち取りました"
#511,h-20,949,749,2026-5-27 12:35:10,#476,476M,,1,red,enemy,range01_frame_000105.png,52.0,"#476[476M]が#511領有中のLv.1都市 #511(949,749)を攻撃し、陣営のために破壊宝箱×2を勝ち取りました"
#511,i-4,149,849,2026-5-27 15:32:5,#523,NBNH,,1,red,enemy,range01_frame_000106.png,52.0,"#523[NBNH]が#511領有中のLv.1都市 #511(149,849)を攻撃し、陣営のために破壊宝箱×2を勝ち取りました"
#511,i-6,249,849,2026-6-10 04:16:1,#523,flrE,JL2,1,red,enemy,range01_frame_000434.png,216.5,"#523[flrE]が#511[JL2]領有中のLv.1都市 #511(249,849)を攻撃し、陣営のために破壊宝箱×2を勝ち取りました"
#511,i-8,349,849,2026-6-10 04:19:4,#523,flrE,JL2,1,red,enemy,range01_frame_000442.png,220.5,"#523[flrE]が#511[JL2]領有中のLv.1都市#511(349,849)を攻撃し、陣営のために破壊宝箱×2を勝ち取りました"
#511,i-10,449,849,2026-6-3 12:12:1,#523,NBNH,DaNG,1,red,enemy,range01_frame_000308.png,153.5,"#523[NBNH]が#511[DaNG]領有中のLv.1都市 #511(449,849)を攻撃し、陣営のために破壊宝箱×2を勝ち取りました"
#511,i-12,549,849,2026-6-3 20:01:5,#503,TIKW,DaNG,1,red,enemy,range01_frame_000351.png,174.5,"#503[TIKW]が#511[DaNG]領有中のLv.1都市 #511(549,849)を攻撃し、陣営のために破壊宝箱×2を勝ち取りました"
#511,i-14,649,849,2026-5-30 13:03:4,#480,CDf8,,1,red,enemy,range01_frame_000239.png,119.0,"#480[CDf8]が#511領有中のLv.1都市#511(649,849)を攻撃し、陣営のために破壊宝箱×2を勝ち取りました"
#511,i-16,749,849,2026-6-3 20:09:55,#480,CDf8,,1,red,enemy,range01_frame_000362.png,180.5,"#480[CDf8]が#511領有中のLv.1都市 #511(749,849)を攻撃し、陣営のために破壊宝箱×2を勝ち取りました"
#511,i-18,849,849,2026-6-6 04:18:0,#480,AA0A,SVa,1,red,enemy,range01_frame_000377.png,187.5,"#480[AA0A]が#511[SVa]領有中のLv.1都市 #511(849,849)を攻撃し、陣営のために破壊宝箱×2を勝ち取りました"
#511,i-20,949,849,2026-5-27 00:02:18,#480,CDf8,,1,red,enemy,range01_frame_000009.png,4.0,"#480[CDf8]が#511領有中のLv.1都市#511(949,849)を攻撃し、陣営のために破壊宝箱×2を勝ち取りました"
#511,j-4,149,949,2026-6-3 04:15:2,#476,ALj,JL2,1,red,enemy,range01_frame_000263.png,131.0,"#476[ALj]が#511[JL2]領有中のLv.1都市#511(149,949)を攻撃し、陣営のために破壊宝箱×2を勝ち取りました"
#511,j-6,249,949,2026-6-3 04:04:2,#523,EDFS,JL2,1,red,enemy,range01_frame_000255.png,127.0,"#523[EDFS]が#511[JL2]領有中のLv.1都市 #511(249,949)を攻撃し、陣営のために破壊宝箱×2を勝ち取りました"
#511,j-8,349,949,2026-6-3 04:35:2,#476,ALj,JL2,1,red,enemy,range01_frame_000277.png,138.0,"#476[ALj]が#511[JL2]領有中のLv.1都市 #511(349,949)を攻撃し、陣営のために破壊宝箱×2を勝ち取りました"
#511,j-10,449,949,2026-6-20 12:44:2,#480,CDf8,2N7,1,red,enemy,range01_frame_000704.png,351.0,"#480[CDf8]が#511[2N7]領有中のLv.1都市 #511(449,949)を攻撃し、陣営のために破壊宝箱×2を勝ち取りました"
#511,j-12,549,949,2026-5-27 15:32:5,#476,476M,,1,red,enemy,range01_frame_000105.png,52.0,"#476[476M]が#511領有中のLv.1都市 #511(549,949)を攻撃し、陣営のために破壊宝箱×2を勝ち取りました"
#511,j-14,649,949,2026-6-17 12:07:3,#480,CDf8,DaNG,1,red,enemy,range01_frame_000634.png,316.0,"#480[CDf8]が#511[DaNG]領有中のLv.1都市 #511(649,949)を攻撃し、陣営のために破壊宝箱×2を勝ち取りました"
#511,j-16,749,949,2026-5-27 12:56:20,#480,AA0A,,1,red,enemy,range01_frame_000107.png,53.0,"#480[AA0A]が#511領有中のLv.1都市 #511(749,949)を攻撃し、陣営のために破壊宝箱×2を勝ち取りました"
#511,j-18,849,949,2026-5-27 12:25:1,#480,AA0A,,1,red,enemy,range01_frame_000087.png,43.0,"#480[AA0A]が#511領有中のLv.1都市 #511(849,949)を攻撃し、陣営のために破壊宝箱×2を勝ち取りました"
#511,j-20,949,949,2026-5-27 00:02:18,#480,CDf8,,1,red,enemy,range01_frame_000003.png,1.0,"#480[CDf8]が#511領有中のLv.1都市#511(949,949)を攻撃し、陣営のために破壊宝箱×2を勝ち取りました"
#523,a-4,149,49,2026-6-13 12:29:2,#511,2N7,EDFS,1,blue,ally,range01_frame_000561.png,280.0,"#511[2N7]が#523[EDFS]領有中のLv.1都市#523(149,49)を攻撃し、陣営のために破壊宝箱×2を勝ち取りました"
#523,a-6,249,49,2026-6-17 00:00:50,#511,2N7,,1,blue,ally,range01_frame_000603.png,301.0,"#511[2N7]が#523領有中のLv.1都市#523(249,49)を攻撃し、陣営のために破壊宝箱×2を勝ち取りました"
#523,a-8,349,49,2026-6-20 20:02:3,#511,2N7,K4TR,1,blue,ally,range01_frame_000712.png,355.0,"#511[2N7]が#523[K4TR]領有中のLv.1都市 #523(349,49)を攻撃し、陣営のために破壊宝箱×2を勝ち取りました"
#523,a-14,649,49,2026-6-17 20:05:5,#511,JLO,EDFS,1,blue,ally,range01_frame_000649.png,324.0,"#511[JLO]が#523[EDFS]領有中のLv.1都市 #523(649,49)を攻撃し、陣営のために破壊宝箱×2を勝ち取りました"
#523,b-2,49,149,2026-6-20 20:16:0,#440,GoDs,EDFS,1,blue,ally,range01_frame_000721.png,360.0,"#440[GoDs]が#523[EDFS]領有中のLv.1都市#523(49,149)を攻撃し、陣営のために破壊宝箱×2を勝ち取りました"
#523,b-4,149,149,2026-6-13 12:31:4,#511,2N7,EDFS,1,blue,ally,range01_frame_000569.png,284.0,"#511[2N7]が#523[EDFS]領有中のLv.1都市 #523(149,149)を攻撃し、陣営のために破壊宝箱×2を勝ち取りました"
#523,b-6,249,149,2026-6-17 12:02:01,#511,2N7,K4TR,1,blue,ally,range01_frame_000631.png,315.0,"#511[2N7]が#523[K4TR]領有中のLv.1都市 #523(249,149)を攻撃し、陣営のために破壊宝箱×2を勝ち取りました"
#523,b-8,349,149,2026-6-20 20:02:3,#511,2N7,K4TR,1,blue,ally,range01_frame_000712.png,355.0,"#511[2N7]が#523[K4TR]領有中のLv.1都市 #523(349,149)を攻撃し、陣営のために破壊宝箱×2を勝ち取りました"
#523,b-16,749,149,2026-6-17 20:05:5,#511,JLO,5DU,1,blue,ally,range01_frame_000651.png,325.0,"#511[JLO]が#523[5DU]領有中のLv.1都市 #523(749,149)を攻撃し、陣営のために破壊宝箱×2を勝ち取りました"
#523,c-2,49,249,2026-6-13 04:17:1,#440,TrX,,1,blue,ally,range01_frame_000522.png,260.0,"#440[TrX]が#523領有中のLv.1都市 #523(49,249)を攻撃し、陣営のために破壊宝箱×2を勝ち取りました"
#523,c-4,149,249,2026-6-17 20:04:4,#440,GoDs,EDFS,1,blue,ally,range01_frame_000649.png,324.0,"#440[GoDs]が#523[EDFS]領有中のLv.1都市 #523(149,249)を攻撃し、陣営のために破壊宝箱×2を勝ち取りました"
#523,c-6,249,249,2026-6-10 12:05:4,#511,2N7,EDFS,2,blue,ally,range01_frame_000446.png,222.5,"#511[2N7]が#523[EDFS]領有中のLv.2都市 #523(249,249)を攻撃し、陣営のために破壊宝箱×5を勝ち取りました"
#523,c-8,349,249,2026-6-10 04:09:5,#534,JDX,K4TR,2,blue,ally,range01_frame_000434.png,216.5,"#534[JDX]が#523[K4TR]領有中のLv.2都市 #523(349,249)を攻撃し、陣営のために破壊宝箱×5を勝ち取りました"
#523,c-10,449,249,2026-6-10 04:28:2,#511,2N7,K4TR,2,blue,ally,range01_frame_000446.png,222.5,"#511[2N7]が#523[K4TR]領有中のLv.2都市 #523(449,249)を攻撃し、陣営のために破壊宝箱×5を勝ち取りました"
#523,c-12,549,249,2026-6-6 04:28:4,#511,2N7,K4TR,2,blue,ally,range01_frame_000376.png,187.5,"#511[2N7]が#523[K4TR]領有中のLv.2都市 #523(549,249)を攻撃し、陣営のために破壊宝箱×5を勝ち取りました"
#523,c-14,649,249,2026-6-20 12:10:11,#440,BAJ,5DU,2,blue,ally,range01_frame_000691.png,345.0,"#440[BAJ]が#523[5DU]領有中のLv.2都市#523(649,249)を攻撃し、陣営のために破壊宝箱×5を勝ち取りました"
#523,c-16,749,249,2026-6-10 12:05:4,#440,GoDs,5DU,2,blue,ally,range01_frame_000456.png,227.5,"#440[GoDs]が#523[5DU]領有中のLv.2都市 #523(749,249)を攻撃し、陣営のために破壊宝箱×5を勝ち取りました"
#523,d-2,49,349,2026-6-13 04:04:4,#440,TrX,,1,blue,ally,range01_frame_000523.png,261.0,"#440[TrX]が#523領有中のLv.1都市#523(49,349)を攻撃し、陣営のために破壊宝箱×2を勝ち取りました"
#523,d-4,149,349,2026-6-13 20:41:0,#440,GoDs,EDFS,1,blue,ally,range01_frame_000593.png,296.0,"#440[GoDs]が#523[EDFS]領有中のLv.1都市#523(149,349)を攻撃し、陣営のために破壊宝箱×2を勝ち取りました"
#523,d-6,249,349,2026-6-13 12:39:5,#509,SsQ,EDFS,2,blue,ally,range01_frame_000575.png,287.0,"#509[SsQ]が#523[EDFS]領有中のLv.2都市 #523(249,349)を攻撃し、陣営のために破壊宝箱×5を勝ち取りました"
#523,d-8,349,349,2026-6-10 04:09:58,#509,SsQ,K4TR,3,blue,ally,range01_frame_000433.png,215.5,"#509[SsQ]が#523[K4TR]領有中のLv.3都市 #523(349,349)を攻撃し、陣営のために破壊宝箱×10を勝ち取りました"
#523,d-10,449,349,2026-6-6 04:36:3,#509,SsQ,K4TR,3,blue,ally,range01_frame_000379.png,188.5,"#509[SsQ]が#523[K4TR]領有中のLv.3都市 #523(449,349)を攻撃し、陣営のために破壊宝箱×10を勝ち取りました"
#523,d-12,549,349,2026-6-6 04:32:1,#511,2N7,5DU,3,blue,ally,range01_frame_000378.png,188.5,"#511[2N7]が#523[5DU]領有中のLv.3都市 #523(549,349)を攻撃し、陣営のために破壊宝箱×10を勝ち取りました"
#523,d-14,649,349,2026-6-6 04:39:2,#509,SsQ,5DU,3,blue,ally,range01_frame_000382.png,190.5,"#509[SsQ]が#523[5DU]領有中のLv.3都市 #523(649,349)を攻撃し、陣営のために破壊宝箱×10を勝ち取りました"
#523,d-16,749,349,2026-6-10 12:14:1,#440,GoDs,5DU,2,blue,ally,range01_frame_000458.png,228.5,"#440[GoDs]が#523[5DU]領有中のLv.2都市 #523(749,349)を攻撃し、陣営のために破壊宝箱×5を勝ち取りました"
#523,e-2,49,449,2026-6-13,#509,MOn,,1,blue,ally,range01_frame_000525.png,262.0,"#509[MOn]が#523領有中のLv.1都市#523(49,449)を攻撃し、陣営のために破壊宝箱×2を勝ち取りました"
#523,e-4,149,449,2026-6-13 12:20:1,#509,MOn,EDFS,1,blue,ally,range01_frame_000552.png,275.0,"#509[MOn]が#523[EDFS]領有中のLv.1都市 #523(149,449)を攻撃し、陣営のために破壊宝箱×2を勝ち取りました"
#523,e-6,249,449,2026-6-10 12:27:0,#534,JDX,u3o,2,blue,ally,range01_frame_000480.png,239.5,"#534[JDX]が#523[u3o]領有中のLv.2都市 #523(249,449)を攻撃し、陣営のために破壊宝箱×5を勝ち取りました"
#523,e-8,349,449,2026-6-10 12:18:1,#509,SsQ,EDFS,3,blue,ally,range01_frame_000468.png,233.5,"#509[SsQ]が#523[EDFS]領有中のLv.3都市 #523(349,449)を攻撃し、陣営のために破壊宝箱×10を勝ち取りました"
#523,e-14,649,449,2026-6-10 12:05:4,#440,BAJ,NBNH,3,blue,ally,range01_frame_000447.png,222.5,"#440[BAJ]が#523[NBNH]領有中のLv.3都市 #523(649,449)を攻撃し、陣営のために破壊宝箱×10を勝ち取りました"
#523,e-16,749,449,2026-6-10 12:06:5,#440,BAJ,NBNH,2,blue,ally,range01_frame_000456.png,227.5,"#440[BAJ]が#523[NBNH]領有中のLv.2都市 #523(749,449)を攻撃し、陣営のために破壊宝箱×5を勝ち取りました"
#523,e-18,849,449,2026-6-20 20:21:3,#509,FHX,NBNH,1,blue,ally,range01_frame_000727.png,363.0,"#509[FHX]が#523[NBNH]領有中のLv.1都市 #523(849,449)を攻撃し、陣営のために破壊宝箱×2を勝ち取りました"
#523,f-2,49,549,2026-6-20 12:20:3,#534,KTVS,5DU,1,blue,ally,range01_frame_000695.png,347.0,"#534[KTVS]が#523[5DU]領有中のLv.1都市 #523(49,549)を攻撃し、陣営のために破壊宝箱×2を勝ち取りました"
#523,f-4,149,549,2026-6-13 04:03:0,#534,KTVS,u3o,1,blue,ally,range01_frame_000515.png,256.5,"#534[KTVS]が#523[u3o]領有中のLv.1都市#523(149,549)を攻撃し、陣営のために破壊宝箱×2を勝ち取りました"
#523,f-6,249,549,2026-6-13 04:01:50,#534,JDX,u3o,2,blue,ally,range01_frame_000513.png,255.5,"#534[JDX]が#523[u3o]領有中のLv.2都市 #523(249,549)を攻撃し、陣営のために破壊宝箱×5を勝ち取りました"
#523,f-8,349,549,2026-6-13 04:28:4,#509,SsQ,u3o,3,blue,ally,range01_frame_000531.png,265.0,"#509[SsQ]が#523[u3o]領有中のLv.3都市 #523(349,549)を攻撃し、陣営のために破壊宝箱×10を勝ち取りました"
#523,f-12,549,549,unknown,#509,FHX,NBNH,3,blue,ally,range01_frame_000443.png,220.5,"#509[FHX]が#523[NBNH]領有中のLv.3都市#523(549,549)を攻撃し、陣営のために破壊宝箱×10を…"
#523,f-14,649,549,2026-6-10 04:??:??,#509,FHX,NBNH,3,blue,ally,range01_frame_000444.png,221.5,"#509[FHX]が#523[NBNH]領有中のLv.3都市 #523(649,549)を攻撃し、陣営のために破壊宝箱×10を..."
#523,f-16,749,549,2026-6-13 12:01:2,#509,FHX,UUG,2,blue,ally,range01_frame_000532.png,265.0,"#509[FHX]が#523[UUG]領有中のLv.2都市 #523(749,549)を攻撃し、陣営のために破壊宝箱×5を勝ち取りました"
#523,f-18,849,549,2026-6-3 04:24:0,#509,FHX,NBNH,1,blue,ally,range01_frame_000277.png,138.0,"#509[FHX]が#523[NBNH]領有中のLv.1都市 #523(849,549)を攻撃し、陣営のために破壊宝箱×2を勝ち取りました"
#523,g-2,49,649,2026-6-17 04:14:44,#534,JDX,u3o,1,blue,ally,range01_frame_000620.png,309.0,"#534[JDX]が#523[u3o]領有中のLv.1都市#523(49,649)を攻撃し、陣営のために破壊宝箱×2を勝ち取りました"
#523,g-4,149,649,2026-6-20 12:20:30,#534,KTVS,5DU,1,blue,ally,range01_frame_000697.png,348.0,"#534[KTVS]が#523[5DU]領有中のLv.1都市 #523(149,649)を攻撃し、陣営のために破壊宝箱×2を勝ち取りました"
#523,g-6,249,649,2026-6-13 00:49:20,#534,KTVS,u3o,2,blue,ally,range01_frame_000516.png,257.5,"#534[KTVS]が#523[u3o]領有中のLv.2都市 #523(249,649)を攻撃し、陣営のために破壊宝箱×5を勝ち取りました"
#523,g-8,349,649,2026-6-17 04:48:5,#509,SsQ,,3,blue,ally,range01_frame_000627.png,313.0,"#509[SsQ]が#523領有中のLv.3都市 #523(349,649)を攻撃し、陣営のために破壊宝箱×10を勝ち取りました"
#523,g-10,449,649,2026-6-20 20:0,#509,FHX,flrE,3,blue,ally,range01_frame_000714.png,356.0,"#509[FHX]が#523[flrE]領有中のLv.3都市 #523(449,649)を攻撃し、陣営のために破壊宝箱×10を勝ち取りました"
#523,g-12,549,649,2026-6-17 12:02:05,#509,FHX,WUG,3,blue,ally,range01_frame_000631.png,315.0,"#509[FHX]が#523[WUG]領有中のLv.3都市 #523(549,649)を攻撃し、陣営のために破壊宝箱×10を勝ち取りました"
#523,g-14,649,649,2026-6-10 12:14:3,#509,FHX,WUG,3,blue,ally,range01_frame_000466.png,232.5,"#509[FHX]が#523[WUG]領有中のLv.3都市 #523(649,649)を攻撃し、陣営のために破壊宝箱×10を勝ち取りました"
#523,g-16,749,649,2026-6-13 12:02:4,#509,FHX,WUG,2,blue,ally,range01_frame_000539.png,269.0,"#509[FHX]が#523[WUG]領有中のLv.2都市 #523(749,649)を攻撃し、陣営のために破壊宝箱×5を勝ち取りました"
#523,g-18,849,649,2026-6-3 04:20:1,#509,FHX,NBNH,1,blue,ally,range01_frame_000277.png,138.0,"#509[FHX]が#523[NBNH]領有中のLv.1都市 #523(849,649)を攻撃し、陣営のために破壊宝箱×2を勝ち取りました"
#523,h-2,49,749,2026-6-17 04:13:50,#534,KTVS,u3o,1,blue,ally,range01_frame_000611.png,305.0,"#534[KTVS]が#523[u3o]領有中のLv.1都市#523(49,749)を攻撃し、陣営のために破壊宝箱×2を勝ち取りました"
#523,h-4,149,749,2026-6-17 04:16:1,#534,KTVS,u3o,1,blue,ally,range01_frame_000617.png,308.0,"#534[KTVS]が#523[u3o]領有中のLv.1都市 #523(149,749)を攻撃し、陣営のために破壊宝箱×2を勝ち取りました"
#523,h-6,249,749,2026-6-17 12:30:2,#534,JDX,flrE,2,blue,ally,range01_frame_000641.png,320.0,"#534[JDX]が#523[flrE]領有中のLv.2都市 #523(249,749)を攻撃し、陣営のために破壊宝箱×5を勝ち取りました"
#523,h-8,349,749,2026-6-17 12:40:3,#509,SsQ,flrE,2,blue,ally,range01_frame_000645.png,322.0,"#509[SsQ]が#523[flrE]領有中のLv.2都市 #523(349,749)を攻撃し、陣営のために破壊宝箱×5を勝ち取りました"
#523,h-10,449,749,2026-6-20 12:24:3,#534,JDX,flrE,2,blue,ally,range01_frame_000699.png,349.0,"#534[JDX]が#523[flrE]領有中のLv.2都市 #523(449,749)を攻撃し、陣営のために破壊宝箱×5を勝ち取りました"
#523,h-12,549,749,2026-6-17 12:02:03,#509,BHE,WUG,2,blue,ally,range01_frame_000631.png,315.0,"#509[BHE]が#523[WUG]領有中のLv.2都市 #523(549,749)を攻撃し、陣営のために破壊宝箱×5を勝ち取りました"
#523,h-14,649,749,2026-6-17 12:50:1,#509,FHX,WUG,2,blue,ally,range01_frame_000647.png,323.0,"#509[FHX]が#523[WUG]領有中のLv.2都市 #523(649,749)を攻撃し、陣営のために破壊宝箱×5を勝ち取りました"
#523,h-16,749,749,2026-6-13 12:23:28,#440,BAJ,WUG,2,blue,ally,range01_frame_000562.png,280.0,"#440[BAJ]が#523[WUG]領有中のLv.2都市#523(749,749)を攻撃し、陣営のために破壊宝箱×5を勝ち取りました"
#523,h-18,849,749,2026-6-13 20:16:20,#511,JLO,ALj,1,blue,ally,range01_frame_000593.png,296.0,"#511[JLO]が#476[ALj]領有中のLv.1都市#523(849,749)を攻撃し、陣営のために破壊宝箱×2を勝ち取りました"
#523,i-6,249,849,2026-6-20 04:40:30,#534,JDX,u3o,1,blue,ally,range01_frame_000687.png,343.0,"#534[JDX]が#523[u3o]領有中のLv.1都市#523(249,849)を攻撃し、陣営のために破壊宝箱×2を勝ち取りました"
#534,b-4,149,149,2026-6-17 20:23:1,#476,476M,5Kh,1,red,enemy,range01_frame_000669.png,334.0,"#476[476M]が#534[5Kh]領有中のLv.1都市 #534(149,149)を攻撃し、陣営のために破壊宝箱×2を勝ち取りました"
#534,b-8,349,149,2026-6-13 20:15:4,#476,476Z,SHA0,1,red,enemy,range01_frame_000583.png,291.0,"#476[476Z]が#534[SHA0]領有中のLv.1都市 #534(349,149)を攻撃し、陣営のために破壊宝箱×2を勝ち取りました"
#534,b-14,649,149,2026-6-6 12:40:3,#476,476Z,Trh,1,red,enemy,range01_frame_000408.png,203.5,"#476[476Z]が#534[Trh]領有中のLv.1都市 #534(649,149)を攻撃し、陣営のために破壊宝箱×2を勝ち取りました"
#534,b-16,749,149,2026-6-6 12:36:1,#476,476Z,MOE,1,red,enemy,range01_frame_000408.png,203.5,"#476[476Z]が#534[MOE]領有中のLv.1都市 #534(749,149)を攻撃し、陣営のために破壊宝箱×2を勝ち取りました"
#534,b-18,849,149,2026-6-20 20:08:3,#476,476Z,w6f,1,red,enemy,range01_frame_000727.png,363.0,"#476[476Z]が#534[w6f]領有中のLv.1都市 #534(849,149)を攻撃し、陣営のために破壊宝箱×2を勝ち取りました"
#534,c-2,49,249,2026-6-20 20:16:0,#476,476C,n09,1,red,enemy,range01_frame_000722.png,360.0,"#476[476C]が#534[n09]領有中のLv.1都市#534(49,249)を攻撃し、陣営のために破壊宝箱×2を勝ち取りました"
#534,c-6,249,249,2026-6-3 04:39:4,#476,476d,4tH,2,red,enemy,range01_frame_000282.png,140.0,"#476[476d]が#534[4tH]領有中のLv.2都市 #534(249,249)を攻撃し、陣営のために破壊宝箱×5を勝ち取りました"
#534,c-8,349,249,2026-5-27 12:13:5,#476,476C,SHA,2,red,enemy,range01_frame_000047.png,23.0,"#476[476C]が#534[SHA]領有中のLv.2都市#534(349,249)を攻撃し、陣営のために破壊宝箱×5を勝ち取りました"
#534,c-10,449,249,2026-5-27 12:11:3,#476,476C,SHA,2,red,enemy,range01_frame_000045.png,22.0,"#476[476C]が#534[SHA]領有中のLv.2都市 #534(449,249)を攻撃し、陣営のために破壊宝箱×5を勝ち取りました"
#534,c-12,549,249,2026-5-30 12:04:5,#476,476C,JDX,2,red,enemy,range01_frame_000171.png,85.0,"#476[476C]が#534[JDX]領有中のLv.2都市 #534(549,249)を攻撃し、陣営のために破壊宝箱×5を勝ち取りました"
#534,c-14,649,249,2026-6-3 12:11:0,#476,476B,JDX,2,red,enemy,range01_frame_000304.png,151.5,"#476[476B]が#534[JDX]領有中のLv.2都市 #534(649,249)を攻撃し、陣営のために破壊宝箱×5を勝ち取りました"
#534,c-16,749,249,2026-6-17 20:27:5,#476,476Z,MOE,2,red,enemy,range01_frame_000664.png,331.0,"#476[476Z]が#534[MOE]領有中のLv.2都市 #534(749,249)を攻撃し、陣営のために破壊宝箱×5を勝ち取りました"
#534,c-18,849,249,2026-6-17 20:21:4,#476,476K,5g3,1,red,enemy,range01_frame_000657.png,328.0,"#476[476K]が#534[5g3]領有中のLv.1都市#534(849,249)を攻撃し、陣営のために破壊宝箱×2を勝ち取りました"
#534,d-4,149,349,2026-6-20 12:10:1,#476,476M,,1,red,enemy,range01_frame_000695.png,347.0,"#476[476M]が#534[?]領有中のLv.1都市 #534(149,349)を攻撃し、陣営のために破壊宝箱×2を勝ち取りました"
#534,d-6,249,349,2026-6-3 12:03:1,#476,476d,RGWC,2,red,enemy,range01_frame_000296.png,147.5,"#476[476d]が#534[RGWC]領有中のLv.2都市 #534(249,349)を攻撃し、陣営のために破壊宝箱×5を勝ち取りました"
#534,d-8,349,349,2026-5-30 12:03:0,#476,476C,4tH,3,red,enemy,range01_frame_000157.png,78.0,"#476[476C]が#534[4tH]領有中のLv.3都市#534(349,349)を攻撃し、陣営のために破壊宝箱×10を勝ち取りました"
#534,d-10,449,349,2026-5-30 12:05:50,#476,476B,SHA,3,red,enemy,range01_frame_000177.png,88.0,"#476[476B]が#534[SHA]領有中のLv.3都市 #534(449,349)を攻撃し、陣営のために破壊宝箱×10を勝ち取りました"
#534,d-12,549,349,2026-5-27 20:01:40,#476,476B,JDX,3,red,enemy,range01_frame_000123.png,61.0,"#476[476B]が#534[JDX]領有中のLv.3都市 #534(549,349)を攻撃し、陣営のために破壊宝箱×10を勝ち取りました"
#534,d-14,649,349,2026-5-27 20:04:3,#476,476B,JDX,3,red,enemy,range01_frame_000125.png,62.0,"#476[476B]が#534[JDX]領有中のLv.3都市 #534(649,349)を攻撃し、陣営のために破壊宝箱×10を勝ち取りました"
#534,d-16,749,349,2026-6-6 20:26:4,#476,476C,KTVS,2,red,enemy,range01_frame_000419.png,208.5,"#476[476C]が#534[KTVS]領有中のLv.2都市 #534(749,349)を攻撃し、陣営のために破壊宝箱×5を勝ち取りました"
#534,d-18,849,349,2026-6-17 20:24:1,#476,476K,5g3,1,red,enemy,range01_frame_000669.png,334.0,"#476[476K]が#534[5g3]領有中のLv.1都市 #534(849,349)を攻撃し、陣営のために破壊宝箱×2を勝ち取りました"
#534,e-4,149,449,2026-6-20 12:18:1,#476,476d,n09,1,red,enemy,range01_frame_000695.png,347.0,"#476[476d]が#534[n09]領有中のLv.1都市 #534(149,449)を攻撃し、陣営のために破壊宝箱×2を勝ち取りました"
#534,e-6,249,449,2026-6-3 20:03:1,#476,476C,SHA,2,red,enemy,range01_frame_000352.png,175.5,"#476[476C]が#534[SHA]領有中のLv.2都市 #534(249,449)を攻撃し、陣営のために破壊宝箱×5を勝ち取りました"
#534,e-8,349,449,2026-6-10 20:02:2,#476,476d,4tH,3,red,enemy,range01_frame_000500.png,249.5,"#476[476d]が#534[4tH]領有中のLv.3都市 #534(349,449)を攻撃し、陣営のために破壊宝箱×10を勝ち取りました"
#534,e-14,649,449,2026-5-30 12:03:1,#476,476B,SHA,3,red,enemy,range01_frame_000162.png,80.0,"#476[476B]が#534[SHA]領有中のLv.3都市 #534(649,449)を攻撃し、陣営のために破壊宝箱×10を勝ち取りました"
#534,e-16,749,449,2026-6-6 20:25:4,#476,476C,KTVS,2,red,enemy,range01_frame_000416.png,207.5,"#476[476C]が#534[KTVS]領有中のLv.2都市 #534(749,449)を攻撃し、陣営のために破壊宝箱×5を勝ち取りました"
#534,e-20,949,449,2026-6-10 12:44:4,#503,one,89M,1,red,enemy,range01_frame_000488.png,243.5,"#503[one]が#534[89M]領有中のLv.1都市#534(949,449)を攻撃し、陣営のために破壊宝箱×2を勝ち取りました"
#534,f-4,149,549,2026-6-20 12:05:40,#476,476M,,1,red,enemy,range01_frame_000691.png,345.0,"#476[476M]が#534領有中のLv.1都市#534(149,549)を攻撃し、陣営のために破壊宝箱×2を勝ち取りました"
#534,f-6,249,549,2026-6-3 12:01:4,#476,476C,4tH,2,red,enemy,range01_frame_000287.png,143.0,"#476[476C]が#534[4tH]領有中のLv.2都市 #534(249,549)を攻撃し、陣営のために破壊宝箱×5を勝ち取りました"
#534,f-8,349,549,2026-6-10 20:04:0,#476,476C,SHA,3,red,enemy,range01_frame_000500.png,249.5,"#476[476C]が#534[SHA]領有中のLv.3都市 #534(349,549)を攻撃し、陣営のために破壊宝箱×10を勝ち取りました"
#534,f-14,649,549,2026-6-3 12:05:2,#476,476B,JDX,3,red,enemy,range01_frame_000296.png,147.5,"#476[476B]が#534[JDX]領有中のLv.3都市 #534(649,549)を攻撃し、陣営のために破壊宝箱×10を勝ち取りました"
#534,f-16,749,549,2026-6-3 12:50:3,#476,476X,KTVS,2,red,enemy,range01_frame_000356.png,177.5,"#476[476X]が#534[KTVS]領有中のLv.2都市 #534(749,549)を攻撃し、陣営のために破壊宝箱×5を勝ち取りました"
#534,f-18,849,549,2026-6-13 20:22:5,#503,Bye,JDX,1,red,enemy,range01_frame_000593.png,296.0,"#503[Bye]が#534[JDX]領有中のLv.1都市#534(849,549)を攻撃し、陣営のために破壊宝箱×2を勝ち取りました"
#534,f-20,949,549,2026-6-13 12:39:5,#503,Bye,89M,1,red,enemy,range01_frame_000581.png,290.0,"#503[Bye]が#534[89M]領有中のLv.1都市#534(949,549)を攻撃し、陣営のために破壊宝箱×2を勝ち取りました"
#534,g-4,149,649,2026-6-20 12:02:1,#476,476M,,1,red,enemy,range01_frame_000682.png,340.0,"#476[476M]が#534領有中のLv.1都市 #534(149,649)を攻撃し、陣営のために破壊宝箱×2を勝ち取りました"
#534,g-6,249,649,2026-6-10 12:20:0,#476,476C,4tH,2,red,enemy,range01_frame_000471.png,234.5,"#476[476C]が#534[4tH]領有中のLv.2都市 #534(249,649)を攻撃し、陣営のために破壊宝箱×5を勝ち取りました"
#534,g-8,349,649,2026-6-10 20:05:1,#476,476X,RGWC,3,red,enemy,range01_frame_000500.png,249.5,"#476[476X]が#534[RGWC]領有中のLv.3都市 #534(349,649)を攻撃し、陣営のために破壊宝箱×10を勝ち取りました"
#534,g-10,449,649,2026-6-10 20:02:01,#476,476X,n09,3,red,enemy,range01_frame_000500.png,249.5,"#476[476X]が#534[n09]領有中のLv.3都市 #534(449,649)を攻撃し、陣営のために破壊宝箱×10を勝ち取りました"
#534,g-12,549,649,2026-6-6 20:02:5,#476,476B,89M,3,red,enemy,range01_frame_000410.png,204.5,"#476[476B]が#534[89M]領有中のLv.3都市 #534(549,649)を攻撃し、陣営のために破壊宝箱×10を勝ち取りました"
#534,g-14,649,649,2026-6-6 20:04:1,#476,476B,KTVS,3,red,enemy,range01_frame_000416.png,207.5,"#476[476B]が#534[KTVS]領有中のLv.3都市 #534(649,649)を攻撃し、陣営のために破壊宝箱×10を勝ち取りました"
#534,g-16,749,649,2026-6-17 20:21:0,#503,fzn,89M,2,red,enemy,range01_frame_000656.png,327.0,"#503[fzn]が#534[89M]領有中のLv.2都市 #534(749,649)を攻撃し、陣営のために破壊宝箱×5を勝ち取りました"
#534,g-18,849,649,2026-6-10 12:43:4,#503,fzn,nol,1,red,enemy,range01_frame_000486.png,242.5,"#503[fzn]が#534[nol]領有中のLv.1都市 #534(849,649)を攻撃し、陣営のために破壊宝箱×2を勝ち取りました"
#534,g-20,949,649,2026-6-17 12:51:4,#503,one,89M,1,red,enemy,range01_frame_000648.png,323.0,"#503[one]が#534[89M]領有中のLv.1都市 #534(949,649)を攻撃し、陣営のために破壊宝箱×2を勝ち取りました"
#534,h-6,249,749,2026-6-13 12:15:4,#476,476C,n09,2,red,enemy,range01_frame_000551.png,275.0,"#476[476C]が#534[n09]領有中のLv.2都市 #534(249,749)を攻撃し、陣営のために破壊宝箱×5を勝ち取りました"
#534,h-8,349,749,2026-6-13 12:13:3,#476,476C,n09,2,red,enemy,range01_frame_000547.png,273.0,"#476[476C]が#534[n09]領有中のLv.2都市 #534(349,749)を攻撃し、陣営のために破壊宝箱×5を勝ち取りました"
#534,h-10,449,749,2026-6-6 12:14:0,#476,476X,RGWC,2,red,enemy,range01_frame_000390.png,194.5,"#476[476X]が#534[RGWC]領有中のLv.2都市#534(449,749)を攻擊し、陣営のために破壊宝箱×5を勝ち取りました"
#534,h-12,549,749,2026-6-6 12:19:10,#476,476X,Dao,2,red,enemy,range01_frame_000398.png,198.5,"#476[476X]が#534[Dao]領有中のLv.2都市 #534(549,749)を攻撃し、陣営のために破壊宝箱×5を勝ち取りました"
#534,h-14,649,749,2026-6-13 12:33:2,#476,476X,nol,2,red,enemy,range01_frame_000569.png,284.0,"#476[476X]が#534[nol]領有中のLv.2都市 #534(649,749)を攻撃し、陣営のために破壊宝箱×5を勝ち取りました"
#534,h-16,749,749,2026-6-13 12:46:0,#503,xjR,89M,2,red,enemy,range01_frame_000579.png,289.0,"#503[xjR]が#534[89M]領有中のLv.2都市 #534(749,749)を攻撃し、陣営のために破壊宝箱×5を勝ち取りました"
#534,h-20,949,749,2026-6-10 12:44:2,#503,xjR,noI,1,red,enemy,range01_frame_000492.png,245.5,"#503[xjR]が#534[noI]領有中のLv.1都市#534(949,749)を攻撃し、陣営のために破壊宝箱×2を勝ち取りました"
#534,i-10,449,849,2026-6-13 12:21:0,#534,Dao,,1,red,enemy,range01_frame_000553.png,276.0,"#523[flrE]が#534[Dao]領有中のLv.1都市 #534(449,849)を攻撃し、陣営のために破壊宝箱×2を勝ち取りました"
#534,i-12,549,849,2026-6-13 12:23:19,#523,EDFS,f4j,1,red,enemy,range01_frame_000561.png,280.0,"#523[flrE]が#534[f4j]領有中のLv.1都市#534(549,849)を攻撃し、陣営のために破壊宝箱×2を勝ち取りました"
#534,j-6,249,949,2026-6-17 20:23:1,#523,flrE,,1,red,enemy,range01_frame_000666.png,332.0,"#523[flrE]が#534領有中のLv.1都市 #534(249,949)を攻撃し、陣営のために破壊宝箱×2を勝ち取りました"
#534,j-8,349,949,2026-6-17 20:22:1,#523,flrE,,1,red,enemy,range01_frame_000658.png,328.0,"#523[flrE]が#534領有中のLv.1都市#534(349,949)を攻撃し、陣営のために破壊宝箱×2を勝ち取りました"
