server,coord,row,current_owner,current_acquired_at,event_time,frame,source_text
#509,b-2,1005,SHA,2026/05/30 11:01,2026-6-1320:43:18,frame_0298,"#503[GX99」が#534[SHA】領有中のLV.1都市 #509(49,149)を攻撃し、陣営のために破壊宝箱xを勝 ち取りました"
#509,b-6,1009,VEX,,2026-6-1704:02:56,frame_0303,"#476[476d]が#509[VEX]領有中のL.1都市 #509(249,149)を攻撃し、陣営のために破壊宝箱x2を勝 ち取りました"
#480,b-20,481,Digg,2026/05/24 9:53,2026-6-1720:37:37,frame_0336,"#440[TaW」が#480[AAOA]領有中のLV.1都市 #480(949,149)を攻撃し、陣営のために破壊宝箱xを勝 ち取りました"
#480,c-20,576,,,2026-6-2020:04:50,frame_0357,"#440[TaW」が#480[pigg]領有中のLV.1都市 #480(949,249)を攻撃し、陣営のために破壊宝箱xを勝 ち取りました"
#480,g-16,615,BgNa,2026/06/03 11:01,2026-6-2012:48:47,frame_0353,"#440[Gcc]が#480[BgNa]領有中のL.2都市 #480(749,649)を攻撃し、陣営のために破壊宝箱x5を勝 碓定 全て受取 目 破壊履歴"
#480,h-14,625,WbW,2026/05/30 11:01,2026-6-2012:46:58,frame_0353,"#440[BA」】が#480[Wbu]領有中のLv.2都市 #480(649,749)を攻撃し、陣営のために破壊宝箱x5を勝 ち取りました"
#440,a-10,87,,,2026-6-1312:37:48,frame_0288,"#523[NBNH]が#440[WoW3]領有中のL.1都市 #440(449,49)を攻撃し、陣営のために破壊宝箱xを勝 ち取りました"
#440,a-16,93,,,2026-6-1704:02:18,frame_0302,"#523[EDFS」が#440[DOLU]領有中のLV.1都市 #440(749,49)を攻撃し、陣営のために破壊宝額xを勝 ち取りました"
#440,a-18,95,,,2026-6-1704:04:34,frame_0305,"#503[CO2y]が#440[D0LU]領有中のLV.1都市 #440(849,49)を攻撃し、陣営のために破壊宝箱xを勝 ち取りました"
#440,a-20,73,DOLU,2026/05/20 17:20,2026-6-2004:24:32,frame_0339,"#503[COZy]が#440[DOLU]領有中のLV.1都市 #440(949,49)を攻撃し、陣営のために破壊宝箱xを勝 十町5汁一土 碓定 全て受取 目 破壊履歴"
#440,b-10,3,WoW3,2026/05/27 18:15,2026-6-1312:02:55,frame_0270,"#476[4762]が#440[WoW3】領有中のL.1都市 #440(449,149)を攻撃し、陣営のために破壊宝箱xを勝 ち取りました"
#440,b-18,109,,,2026-6-1312:37:56,frame_0288,"#503[fzn」が#440[DOLU]領有中のLV.1都市 #440(849,149)を攻撃し、陣営のために破壊宝箱xを勝 ち取りました"
#440,b-20,111,,,2026-6-1312:36:00,frame_0285,"#503[f2n]が#440[DOLU]領有中のLV.1都市 #440(949,149)を攻撃し、陣営のために破壊宝箱xを勝 ち取りました 碓定 全て受取 目 破壊履歴"
#440,c-20,124,,,2026-6-1312:29:23,frame_0281,"#503[CO2g]が#440領有中のLV.1都市#440(949,249)を 攻撃し、陣営のために破壊宝箱xを勝ち取りました"
#440,d-10,130,GcC,2026/06/07 3:39,2026-6-1312:51:15,frame_0292,"#476[476B】が#440[Gcc]領有中のLV.3都市 #440(449,349)を攻撃し、陣営のために破壊宝箱*10を 勝ち取りました"
#440,d-14,27,BAJ,2026/05/23 21:05,2026-6-1312:05:54,frame_0273,"#476[476]が#440[BA」]領有中のL.3都市 #440(649,349)を攻撃し、陣営のために破壊宝箱*10を 勝ち取りました"
#440,d-18,134,,,2026-6-1320:46:00,frame_0298,"#503[hMt]が#440領有中のLV.1都市#440(849,349)を 攻撃し、陣営のために破壊宝箱xを勝ち取りました 碓定 全て受取 目 破壊履歴"
#440,d-4,138,SsQ,2026/06/03 15:08,2026-6-2012:24:37,frame_0349,"#476[476X]が#509[5S0]領有中のLV.1都市 #440(149,349)を攻撃し、陣営のために破壊宝箱xを勝 ち取りました"
#440,f-16,78,TaW,2026/05/20 11:08,2026-6-1312:01:12,frame_0266,"#503[Lghs」が#440[TaW」領有中のLv.z都市 #440(749,549)を攻撃し、陣営のために破壊宝箱x5を勝 ち取りました"
#440,f-18,158,TrX,2026/06/07 7:34,2026-6-1712:02:53,frame_0315,"#503[299]が#440[TrX]領有中のLV.1都市#440(849,549)を 確定 全て受取 破壊履歴"
#440,f-6,79,GoDs,2026/05/20 11:04,2026-6-1304:02:25,frame_0258,"#503[Lghs」が#440[GoDs]領有中のLv.2都市 #440(249,549)を攻撃し、陣営のために破壊宝箱x5を勝 ち取りました"
#440,g-16,169,,,2026-6-1712:04:18,frame_0317,"#503[Lghs]が#440[TaW」領有中のLV.2都市 #440(749,649)を攻撃し、陣営のために破壊宝箱x5を勝 ち取りました"
#440,g-2,171,IMP,2026/06/04 7:10,2026-6-1312:04:56,frame_0271,"#480[AADA】が#440[IMp】領有中のLV.1都市 #440(49,649)を攻撃し、陣営のために破壊宝箱xを勝 ち取りました"
#440,h-10,178,,,2026-6-1312:13:37,frame_0274,"#503[TIKW」が#440[Gcc領有中のLv.2都市 #440(449,749)を攻撃し、陣営のために破壊宝箱x5を勝 ち取りました"
#440,h-12,180,,,2026-6-1712:03:17,frame_0317,"#503[Lghs」が#440【BAJ】領有中のLv.z都市 #440(549,749)を攻撃し、陣営のために破壊宝箱x5を勝 ち取りました"
#440,h-4,30,aTA,2026/05/23 20:10,2026-6-1304:17:11,frame_0262,"#480[RCON」が#440aTA】領有中のLV.1都市 #440(149,749)を攻撃し、陣営のために破壊宝箱xを勝 ち取りました"
#440,i-12,194,,,2026-6-1300:03:46,frame_0255,"#480[CDf8]が#440領有中のLV.1都市#440(549,849)を 攻撃し、陣営のために破壊宝箱xを勝ち取りました"
#440,i-16,41,TaW,2026/05/23 14:06,2026-6-1312:33:27,frame_0284,"#480[RCON]が#440[TaW]領有中のLV.1都市 #440(749,849)を攻撃し、陣営のために破壊宝額xを勝 ち取りました 碓定 全て受取 三！ 破壊履歴"
#440,i-4,204,GcC,2026/06/13 11:14,2026-6-2020:09:03,frame_0361,"#480[BgNa]が#440[Gcc]領有中のLV.1都市 #440(149,849)を攻撃し、陣営のために破壊宝額xを勝 ち取りました"
#440,i-8,206,,,2026-6-1020:20:33,frame_0257,"#480[CDf8」が#440領有中のLV.1都市#440(349,849)を 攻撃し、陣営のために破壊宝箱xを勝ち取りました"
#511,g-16,1288,,,2026-6-604:06:20,frame_0183,"#480[BgNa】が#511[5Va】領有中のL.2都市 #511(749,649)を攻撃し、陣営のために破壊宝箱x5を勝 ち取りました"
#511,h-4,1193,JL0,2026/06/10 15:07,2026-6-2020:05:18,frame_0359,"#523[NBNH]が#511[JL0]領有中のLV.1都市#511(149,749)を 攻撃し、陣営のために破壊宝箱xを勝ち取りました 碓定 全て受取 三！ 破壊履歴"
#523,c-14,1334,5DU,2026/05/24 7:10,2026-6-2012:10:11,frame_0345,"#440[BA」」が#523[50U]領有中のLv.2都市#523(649,249)を 攻撃し、陣営のために破壊宝箱x5をち取りました"
#523,f-16,1475,,,2026-6-1312:01:20,frame_0266,"#509[FHX】が#523[WUG]領有中のLV.2都市 #523(749,549)を攻撃し、陣営のために破壊宝箱x5を勝 碓定 全て受取 破壊履歴"
#523,g-4,1492,5DU,2026/06/11 6:45,2026-6-2012:20:30,frame_0346,"#534[KTVS]が#523[5DU]領有中のL.1都市 #523(149,649)を攻撃し、陣営のために破壊宝箱xを勝 ち取りました"
#523,g-6,1381,u3o,2026/05/21 2:19,2026-6-1300:49:24,frame_0255,"#534[KTVS]が#523[u30]領有中のL.2都市 #523(249,649)を攻撃し、陣営のために破壊宝箱x5を勝 ち取りました 碓定 全て受取 目 破壊履歴"
#523,h-16,1502,,,2026-6-1312:23:28,frame_0280,"#440[BA」」が#523[WUG]領有中のLV.2都市#523(749,749)を 攻撃し、陣宮のために破壊宝箱x5を勝ち取りました 確定 全て受取 破壊履歴"
#523,h-18,1348,ALj,2026/06/07 6:08,2026-6-1320:16:20,frame_0294,"#511[JL0]が#476[ALj]領有中のLV.1都市#523(849,749)を 攻撃し、陣営のために破壊宝箱xを勝ち取りました"
#523,h-6,1508,,,2026-6-1712:29:45,frame_0321,"#534[JDX]が#523[fIrE]領有中のLv.2都市#523(249,749)を 攻撃し、陣営のために破壊宝箱x5を勝ち取りました"
#523,h-8,1345,fIrE,2026/05/23 15:11,2026-6-1712:31:55,frame_0322,"#509[5sq]が#523[fIrE]領有中のLV.2都市#523(349,749)を 攻撃し、陣営のために破壊宝箱x5を勝ち取りました 碓定 全て受取 三！ 破壊履歴"
