row,name,old_total,new_total,old_band,new_band,old_form,new_form,old_first,new_first,old_job,new_job,changed,safe_to_apply,flags,vote_source,comment_source,vote_score,comment_score,comment_text
2,Revo GARO,407.68,417.99,2_75M以上〜80M未満,2_75M以上〜80M未満,戦,ロ,46.21,79.7,エンジニア,指導者,True,True,,IMG_2547.PNG,IMG_2569.PNG,1.0,1.0,ロケラン79.7指導者
3,まったり子,395.19,359.9,3_70M以上〜75M未満,2_75M以上〜80M未満,ロ,ロ,74,77,指導者,指導者,True,True,large_total_delta,IMG_2546.PNG,IMG_2566.PNG,1.0,1.0,ロケラン77M指導者
4,ssi103,383.96,477.79,1_80M以上,1_80M以上,航,,84,87,指導者,指導者,True,True,large_total_delta,IMG_2545.PNG,IMG_2567.PNG,1.0,1.0,=87M指導者
5,K’awiil,373.17,478,1_80M以上,1_80M以上,航,ロ,85.58,86.58,指導者,指導者,True,True,large_total_delta,IMG_2545.PNG,IMG_2566.PNG,1.0,1.0,ロケラン 86.58M 戦争指導者
6,RevoLoveR,371.58,382.69,2_75M以上〜80M未満,2_75M以上〜80M未満,航,航,75.63,77.37,指導者,指導者,True,True,,IMG_2546.PNG,IMG_2568.PNG,1.0,0.889,航空77.37M 指導者
7,naphtha PhD,370.42,367.87,3_70M以上〜75M未満,3_70M以上〜75M未満,航,航,70.3,72.93,エンジニア,エンジニア,True,True,,IMG_2548.PNG,IMG_2565.PNG,1.0,0.857,航空72.93Mエンジニア
8,Hirogeo R,360.2,313.21,4_65M以上〜70M未満,3_70M以上〜75M未満,戦,戦,69.09,71.42,指導者,指導者,True,True,large_total_delta,IMG_2549.PNG,IMG_2564.PNG,1.0,0.824,戦車71.42m指導者
9,Revo Geruge,355.31,,3_70M以上〜75M未満,,ロ,,73.1,,エンジニア,,False,False,,,,,,
10,BCCR,352.65,,4_65M以上〜70M未満,,戦,,65.28,,エンジニア,,False,False,,,,,,
11,Rameπ vu,352.43,419.73,2_75M以上〜80M未満,1_80M以上,ロ,ロ,76.61,80,指導者,指導者,True,True,large_total_delta,IMG_2545.PNG,IMG_2569.PNG,1.0,1.0,ロケラン80M指導者
12,Maーー,352.37,391.06,3_70M以上〜75M未満,2_75M以上〜80M未満,航,航,75,77.3,指導者,指導者,True,True,large_total_delta,IMG_2546.PNG,IMG_2564.PNG,1.0,1.0,航空77.30M 指導者です♥
13,CHIKO un,344.57,364.24,3_70M以上〜75M未満,3_70M以上〜75M未満,戦,戦,71.7,74,指導者,指導者,True,True,,IMG_2549.PNG,IMG_2567.PNG,1.0,1.0,戦車 74M 指導者
14,GinjirouR,344.35,346.43,4_65M以上〜70M未満,3_70M以上〜75M未満,航,,69.4,71.3,エンジニア,エンジニア,True,True,,IMG_2548.PNG,IMG_2570.PNG,1.0,1.0,71.3 ・エンジニア
15,馬券師もつお,340.23,362.44,4_65M以上〜70M未満,3_70M以上〜75M未満,ロ,ロ,68.8,72.14,指導者,指導者,True,True,,IMG_2548.PNG,IMG_2566.PNG,1.0,1.0,ロケラン72.14M指導者
16,ノンタン,338.12,329.13,5_62M以上〜65M未満,4_65M以上〜70M未満,戦,戦,64.3,65.9,エンジニア,エンジニア,True,True,,IMG_2551.PNG,IMG_2567.PNG,1.0,1.0,戦車65.9エンジニア A
17,マリオ mario,337.64,,4_65M以上〜70M未満,,ロ,ロ,68.3,71.5,指導者,指導者,True,True,,,IMG_2570.PNG,,1.0,ロケラン71.5指導者 AN
18,かえるChanR,335.86,339.02,3_70M以上〜75M未満,3_70M以上〜75M未満,航,航,71.01,73.06,指導者,指導者,True,True,,IMG_2549.PNG,IMG_2567.PNG,1.0,0.875,航空73.06指導者
19,渋猫選手R,334.38,425.93,2_75M以上〜80M未満,1_80M以上,ロ,ロ,79.09,82,指導者,指導者,True,True,large_total_delta,IMG_2545.PNG,IMG_2571.PNG,1.0,1.0,ロケラン82M 戦争指導者
20,sakimaru,332.66,343.24,5_62M以上〜65M未満,5_62M以上〜65M未満,戦,戦,63.31,64.85,エンジニア,エンジニア,True,True,,IMG_2553.PNG,IMG_2569.PNG,1.0,0.941,戦車64.85Mエンジニア
21,黒猫 nuda,326.25,355.48,2_75M以上〜80M未満,2_75M以上〜80M未満,航,航,76,76.2,エンジニア,エンジニア,True,True,large_total_delta,IMG_2546.PNG,IMG_2573.PNG,1.0,1.0,航空76.2Mエンジニア A2
22,RevoSHoBoR,325.27,338.22,4_65M以上〜70M未満,3_70M以上〜75M未満,戦,戦,68.9,71.1,エンジニア,エンジニア,True,True,,IMG_2548.PNG,IMG_2571.PNG,1.0,1.0,HOB 戦車：71.1Mエンジニア
23,TONKUN,324.41,348.08,5_62M以上〜65M未満,4_65M以上〜70M未満,戦,戦,64.75,67.27,エンジニア,エンジニア,True,True,,IMG_2550.PNG,IMG_2572.PNG,1.0,1.0,戦車67.27m エンジニア
24,torsoboy00,323.6,302.21,7_58M以上〜60M未満,6_60M以上〜62M未満,戦,戦,59.51,60.7,エンジニア,エンジニア,True,True,,IMG_2556.PNG,IMG_2565.PNG,1.0,1.0,60.7 tank engineer I
25,Revo nikoora,320.43,310.4,5_62M以上〜65M未満,4_65M以上〜70M未満,ロ,ロ,62.9,66,エンジニア,エンジニア,True,True,,IMG_2550.PNG,IMG_2569.PNG,1.0,1.0,ロケラン66Mエンジニア .T
26,いたちごっこR,320.4,,,,,,,,,,False,False,,,,,,
27,SOL265,318.25,348.12,4_65M以上〜70M未満,4_65M以上〜70M未満,航,航,66,69,エンジニア,エンジニア,True,True,large_total_delta,IMG_2550.PNG,IMG_2568.PNG,1.0,1.0,マーフィー航空 69M エンジニア
28,雉猫くるさん,311.89,307.23,4_65M以上〜70M未満,4_65M以上〜70M未満,戦,戦,65.7,68,エンジニア,,True,True,,IMG_2551.PNG,IMG_2567.PNG,1.0,1.0,Tank 68 Enaineer
29,HIDEGONDx,311.52,313.89,4_65M以上〜70M未満,3_70M以上〜75M未満,ロ,,67.1,70,エンジニア,エンジニア,True,True,,IMG_2549.PNG,IMG_2572.PNG,1.0,1.0,70M/tengineer
30,きょたぱ,310.38,,6_60M以上〜62M未満,,,,,,,,False,False,,,,,,
31,AyuMiN,309.9,327.6,6_60M以上〜62M未満,5_62M以上〜65M未満,戦,戦,62,64,エンジニア,エンジニア,True,True,,IMG_2552.PNG,IMG_2564.PNG,1.0,0.923,戦車64Mエンジニア
32,SPD20T,309.58,,6_60M以上〜62M未満,,戦,,60.6,,エンジニア,,False,False,,,,,,
33,himoぺよ星,309.56,,8_55M以上〜58M未満,,戦,,57.32,,エンジニア,,False,False,,,,,,
34,スコア80,308.58,,5_62M以上〜65M未満,,ロ,,62.8,,エンジニア,,False,False,,,,,,
35,はぶーぶ,307.91,,7_58M以上〜60M未満,,戦,,58.64,,エンジニア,,False,False,,,,,,
36,hiro628,306.7,327.13,8_55M以上〜58M未満,7_58M以上〜60M未満,戦,,57.2,,エンジニア,,True,True,,IMG_2557.PNG,,1.0,,
37,枝マメDx,306.51,285.16,6_60M以上〜62M未満,5_62M以上〜65M未満,戦,戦,60.1,63.77,エンジニア,エンジニア,True,True,,IMG_2553.PNG,IMG_2573.PNG,0.889,1.0,アゴ付き戦車63.77Mエンジン屋 AN
38,DaoETあつし,304.65,304.25,5_62M以上〜65M未満,5_62M以上〜65M未満,戦,戦,63.69,64.11,エンジニア,エンジニア,True,True,,IMG_2554.PNG,IMG_2564.PNG,1.0,0.824,戦車64.11M私エンジニア
39,こうしゅう,304.48,311.67,9_50M以上～55M未満,9_50M以上～55M未満,戦,戦,53.05,54,エンジニア,エンジニア,True,True,,IMG_2561.PNG,IMG_2566.PNG,1.0,1.0,戦車54Mエンジニア A
40,あつないR,300.05,332.01,6_60M以上〜62M未満,5_62M以上〜65M未満,戦,戦,60.72,62.62,エンジニア,エンジニア,True,True,large_total_delta,IMG_2553.PNG,IMG_2566.PNG,0.889,1.0,戦車62.62M engineer
41,ユパパパ,298.49,,5_62M以上〜65M未満,,戦,,62.93,,エンジニア,,False,False,,,,,,
42,YOSAKOI,298.38,,8_55M以上〜58M未満,,戦,,56.6,,エンジニア,,False,False,,,,,,
43,もるせら,297.32,268.54,,6_60M以上〜62M未満,戦,戦,58.79,60.8,エンジニア,指導者,True,True,large_total_delta,IMG_2556.PNG,IMG_2566.PNG,1.0,1.0,アダスカ60.8m 指導者
44,ボッサ,295.03,295.56,6_60M以上〜62M未満,5_62M以上〜65M未満,戦,戦,60.7,62.7,エンジニア,,True,True,,IMG_2554.PNG,IMG_2570.PNG,1.0,1.0,戦車62.7M※ えんじにあ
45,ちゃっぴ chappi,293.5,356.02,5_62M以上〜65M未満,5_62M以上〜65M未満,戦,戦,62.9,64.38,エンジニア,エンジニア,True,True,large_total_delta,IMG_2552.PNG,IMG_2569.PNG,1.0,1.0,戦車64.38M エンジニア 連盟玉相を獲得しました用
46,GOLDEN FREEZA,293.33,294.72,8_55M以上〜58M未満,8_55M以上〜58M未満,戦,戦,56.29,57.66,エンジニア,エンジニア,True,True,,IMG_2558.PNG,IMG_2568.PNG,1.0,1.0,戦車57.66Mエンジニア A
47,指揮官の鷹,292.57,,5_62M以上〜65M未満,,ロ,ロ,64.5,67.7,指導者,エンジニア,True,True,,,IMG_2571.PNG,,1.0,ロケラン67.7M エンジニア
48,北池袋,291.48,353.85,5_62M以上〜65M未満,4_65M以上〜70M未満,戦,戦,63.8,66.53,指導者,指導者,True,True,large_total_delta,IMG_2551.PNG,IMG_2573.PNG,1.0,1.0,ルシ戦66.53M指導者
49,ゾンビ屋響子,291.45,311.57,5_62M以上〜65M未満,5_62M以上〜65M未満,戦,戦,62.12,63.4,エンジニア,エンジニア,True,True,,IMG_2552.PNG,IMG_2572.PNG,1.0,1.0,戦車63.4mエンジニア
50,El KAMA,290.51,,,,,,,,,,False,False,,,,,,
51,ふみっちゃん,285.93,283.32,6_60M以上〜62M未満,5_62M以上〜65M未満,戦,戦,61.8,64.4,エンジニア,エンジニア,True,True,,IMG_2552.PNG,IMG_2574.PNG,1.0,1.0,ルシウス戦車64.4M エンジニア A2
52,ちゅうちぇ,283.55,260.39,,8_55M以上〜58M未満,,戦,,57.9,,エンジニア,True,True,,IMG_2558.PNG,IMG_2572.PNG,1.0,1.0,戦車57.9Mエンジニア
53,カラトリ君,282.52,280.87,4_65M以上〜70M未満,4_65M以上〜70M未満,戦,戦,66.6,68.3,指導者,指導者,True,True,,IMG_2551.PNG,IMG_2565.PNG,1.0,1.0,戦車68.3指導者
54,tama選手R,280.33,,,,戦,,58.17,,エンジニア,,False,False,,,,,,
55,Revo nutswa,271.61,300.42,7_58M以上〜60M未満,6_60M以上〜62M未満,戦,,58,,エンジニア,,True,True,large_total_delta,IMG_2555.PNG,,0.889,,
56,RiricoR,270.98,272.36,7_58M以上〜60M未満,6_60M以上〜62M未満,戦,戦,59.6,61.45,エンジニア,エンジニア,True,True,,IMG_2556.PNG,IMG_2571.PNG,1.0,0.857,戦車：61.45M エンジニア AN
57,ヤギサトツ,269.91,,a_50M未満,,航,,48.9,,エンジニア,,False,False,,,,,,
58,Nikoruko,269.3,,8_55M以上〜58M未満,,戦,,57.99,,エンジニア,,False,False,,,,,,
59,だあむ,269.29,268.71,,6_60M以上〜62M未満,ロ,,61.76,,エンジニア,,True,True,,IMG_2555.PNG,,1.0,,
60,PRIUS A,268.63,,,,,,,,,,False,False,,,,,,
61,whats マイケル,268.5,,8_55M以上〜58M未満,,戦,戦,57.32,60,エンジニア,エンジニア,True,True,,,IMG_2574.PNG,,0.842,ピッタリ60M戦車エンジニア AN
62,Fateの晩风,268.03,,7_58M以上〜60M未満,,航,,59.64,,エンジニア,,False,False,,,,,,
63,もこP,267.33,278.14,6_60M以上〜62M未満,5_62M以上〜65M未満,戦,戦,61.96,63.78,指導者,エンジニア,True,True,,IMG_2554.PNG,IMG_2572.PNG,1.0,1.0,戦車63.78M エンジニア（シーズン
64,LA 49,263.17,,8_55M以上〜58M未満,,戦,,55.4,,,,False,False,,,,,,
65,—DARTS—,262.11,244.92,9_50M以上～55M未満,9_50M以上～55M未満,,,,,,,True,True,,IMG_2559.PNG,,0.833,,
66,ji i tan R18,258.28,255.1,7_58M以上〜60M未満,7_58M以上〜60M未満,戦,戦,57.47,59.25,エンジニア,エンジニア,True,True,,IMG_2557.PNG,IMG_2565.PNG,0.889,0.842,戦車59.25エンジニア I
67,kaaaaat,257.09,,9_50M以上～55M未満,,戦,,53.11,,エンジニア,,False,False,,,,,,
68,Raju 95,256.73,247.38,9_50M以上～55M未満,9_50M以上～55M未満,,,53.28,,,,True,True,,IMG_2559.PNG,,1.0,,
69,RevoFuYuMin,256.6,,,,,,,,,,False,False,,,,,,
70,Shawawaga,255.97,269.96,,9_50M以上～55M未満,,,50.5,,エンジニア,,True,True,,IMG_2559.PNG,,1.0,,
71,Pe-sukeR,254.54,316.74,6_60M以上〜62M未満,5_62M以上〜65M未満,戦,戦,61.5,63.8,エンジニア,エンジニア,True,True,large_total_delta,IMG_2553.PNG,IMG_2565.PNG,0.923,0.857,ルシ戦車63.8Mエンジニア A2
72,ケロ丸,253.69,261.51,8_55M以上〜58M未満,8_55M以上〜58M未満,戦,戦,56.05,57.06,エンジニア,エンジニア,True,True,,IMG_2558.PNG,IMG_2564.PNG,1.0,0.857,アダスカ57.06エンジニア I
73,Revo 鷹R,253.66,,9_50M以上～55M未満,,,,,,,,False,False,,,,,,
74,三SUN SUN三,250.97,303.61,9_50M以上～55M未満,8_55M以上〜58M未満,戦,戦,55.69,57.72,エンジニア,エンジニア,True,True,large_total_delta,IMG_2558.PNG,IMG_2569.PNG,1.0,1.0,戦車57.72Mエンジニアル AN
75,LastかえるR,245.53,,6_60M以上〜62M未満,,航,,60.27,,指導者,,False,False,,,,,,
76,ツナ缶食べ隊,240,273.94,,9_50M以上～55M未満,,戦,,53,,エンジニア,True,True,large_total_delta,IMG_2561.PNG,IMG_2571.PNG,1.0,1.0,戦車53mエンジニア
77,SÜPRĒMŌ,239.63,,,,戦,,50.5,,エンジニア,,False,False,,,,,,
78,呷八覇,238.07,,,,,,,,,,False,False,,,,,,
79,Boss B,236.71,,,,,,,,,,False,False,,,,,,
80,Shamshie,235.05,,9_50M以上～55M未満,,戦,,50.63,,エンジニア,,False,False,,,,,,
81,Wolveress23,235.03,253.46,,9_50M以上～55M未満,航,航,51.7,54,エンジニア,エンジニア,True,True,,IMG_2560.PNG,IMG_2568.PNG,1.0,0.957,54M aircraft. Engineer
82,PHL Pjia,232.33,232.12,,9_50M以上～55M未満,,戦,,51.78,,エンジニア,True,True,,IMG_2561.PNG,IMG_2571.PNG,1.0,1.0,51.78 tank engineer AN
83,K18footballer,223.8,228.94,9_50M以上～55M未満,9_50M以上～55M未満,戦,戦,50.17,51.71,エンジニア,エンジニア,True,True,,IMG_2560.PNG,IMG_2573.PNG,1.0,1.0,戦車51.71M私エンジニア AN
84,LERROYYYY,221.73,,,,,,,,,,False,False,,,,,,
85,ATLANTIC HALO,216.73,262.8,a_50M未満,9_50M以上～55M未満,戦,戦,49.8,51.34,エンジニア,エンジニア,True,True,large_total_delta,IMG_2559.PNG,IMG_2565.PNG,1.0,0.96,戦車51.34MAエンジニア LT
86,Jinstars,216.18,,,,,,,,,,False,False,,,,,,
87,へ亟へ,215.71,,,,,,,,,,False,False,,,,,,
88,ぷるPuru,212.06,268.7,8_55M以上〜58M未満,7_58M以上〜60M未満,戦,戦,55.8,58.7,指導者,,True,True,large_total_delta,IMG_2557.PNG,IMG_2573.PNG,1.0,1.0,戦車58.7M指導 品
89,桃nagareda,211.96,,,,,,,,,,False,False,,,,,,
90,レッチャ,201.58,207.64,,a_50M未満,戦,,46.21,,エンジニア,,True,True,,IMG_2563.PNG,,1.0,,
91,Sunnouk,201.37,,,,,,,,,,False,False,,,,,,
92,PHL Sai,196.85,,,,,,,,,,False,False,,,,,,
93,pecten,178.49,208.2,a_50M未満,a_50M未満,戦,戦,44.4,45.4,エンジニア,エンジニア,True,True,large_total_delta,IMG_2562.PNG,IMG_2568.PNG,1.0,0.923,戦車45.4Mエンジニア
94,OLDヤンガス,177.14,214.88,a_50M未満,a_50M未満,戦,戦,46.17,47.79,エンジニア,エンジニア,True,True,large_total_delta,IMG_2563.PNG,IMG_2564.PNG,1.0,0.933,戦車47.79Mエンジニア
95,ひでとん9120,176.26,,,,,,,,,,False,False,,,,,,
96,DeveshS,172.93,183.75,,a_50M未満,,,,,,,True,True,,IMG_2563.PNG,,1.0,,
97,youuuuri,168.02,187.57,a_50M未満,a_50M未満,戦,,43.02,,エンジニア,,True,True,,IMG_2562.PNG,,0.933,,
