target_server,coord,x,y,event_time,frame,source_text
#440,a-6,249,49,2026-6-1012:56:17,frame_0247,"#523[K4TR]が#440領有中のL.1都市#440(249,49)を 攻撃し、陣営のために破壊宝箱xを勝ち取りました"
#440,a-8,349,49,2026-6-1312:21:08,frame_0278,"#523【EDFS」が#440領有中のLV.1都市#440(349,49)を 攻撃し、陣営のために破壊宝箱xを勝ち取りました"
#440,a-10,449,49,2026-6-1312:37:48,frame_0288,"#523[NBNH]が#440[WoW3]領有中のL.1都市 #440(449,49)を攻撃し、陣営のために破壊宝箱xを勝 ち取りました"
#440,a-12,549,49,2026-6-1320:23:17,frame_0295,"#523[50U]が#440[WoW3]領有中のLV.1都市 #440(549,49)を攻撃し、陣営のために破壊宝箱x2を勝 ち取りました"
#440,a-14,649,49,2026-6-1704:08:26,frame_0305,"#523[K4TR]が#440領有中のL.1都市#440(649,49)を 一トtル1 エぷうナエニーアは山気 ・zトヨ54= ← 確定 全て受取 目 破壊履歴"
#440,a-16,749,49,2026-6-1704:02:18,frame_0302,"#523[EDFS」が#440[DOLU]領有中のLV.1都市 #440(749,49)を攻撃し、陣営のために破壊宝額xを勝 ち取りました"
#440,a-18,849,49,2026-6-1704:04:34,frame_0305,"#503[CO2y]が#440[D0LU]領有中のLV.1都市 #440(849,49)を攻撃し、陣営のために破壊宝箱xを勝 ち取りました"
#440,a-20,949,49,2026-6-2004:24:32,frame_0339,"#503[COZy]が#440[DOLU]領有中のLV.1都市 #440(949,49)を攻撃し、陣営のために破壊宝箱xを勝 十町5汁一土 碓定 全て受取 目 破壊履歴"
#440,b-6,249,149,2026-6-1012:18:10,frame_0233,"#476[476M]が#440領有中のLV.1都市#440(249,149)を 確定 全て受取 破壊履歴"
#440,b-8,349,149,2026-6-1012:43:46,frame_0244,"#476[476z]が#440領有中のL.1都市#440(349,149)を 攻撃し、陣営のために破壊宝箱xを勝ち取りました"
#440,b-10,449,149,2026-6-1312:02:55,frame_0270,"#476[4762]が#440[WoW3】領有中のL.1都市 #440(449,149)を攻撃し、陣営のために破壊宝箱xを勝 ち取りました"
#440,b-12,549,149,2026-6-1704:03:59,frame_0302,"#523[5DU」が#440領有中のLV.1都市#440(549,149)を T盤1.体堂のために破壷定箱めつな隣ち取りました 確定 全て受取 破壊履歴"
#440,b-14,649,149,2026-6-1704:07:41,frame_0305,"#523[WUG]が#440領有中のLV.1都市#440(649,149)を 攻撃し、陣営のために破壊宝箱xをち取りました"
#440,b-16,749,149,2026-6-1700:02:04,frame_0300,"#523[NBNH]が#440領有中のL.1都市#440(749,149)を 竹盤1.店堂のために破博定箱とつをち取りました 碓定 全て受取 三！ 破壊履歴"
#440,b-18,849,149,2026-6-1312:37:56,frame_0288,"#503[fzn」が#440[DOLU]領有中のLV.1都市 #440(849,149)を攻撃し、陣営のために破壊宝箱xを勝 ち取りました"
#440,b-20,949,149,2026-6-1312:36:00,frame_0285,"#503[f2n]が#440[DOLU]領有中のLV.1都市 #440(949,149)を攻撃し、陣営のために破壊宝箱xを勝 ち取りました 碓定 全て受取 目 破壊履歴"
#440,c-2,49,249,2026-6-312:45:50,frame_0167,"#4761476M]が#440領有中のLV.1都市#440(49,249)を 攻撃し、陣営のために破壊宝箱xを勝ち取りました"
#440,c-4,149,249,2026-6-612:24:04,frame_0202,"#476[476M1が#440領有中のLV.1都市#440(149,249)を 攻撃し、陣営のために破壊宝箱xを勝ち取りました"
#440,c-6,249,249,2026-6-1012:20:59,frame_0237,"#476[476M]が#440[IMp]領有中のL.2都市 #440(249,249)を攻撃し、陣営のために破壊宝箱x5を勝 ち取りました"
#440,c-8,349,249,2026-6-1012:40:58,frame_0241,"#476[4762】が#440領有中のLV.2都市#440(349,249)を 攻撃し、陣営のために破壊宝箱x5を勝ち取りました"
#440,c-10,449,249,2026-6-2020:21:34,frame_0364,"#476[4768]が#440[Gcc]領有中のLv.z都市 #440(449,249)を攻撃し、陣営のために破壊宝箱x5を勝 ち取りました 碓定 全て受取 三！ 破壊履歴"
#440,c-12,549,249,2026-6-1720:09:24,frame_0328,"#476[476が#440[TrX]領有中のLV.2都市 #440(549,249)を攻撃し、陣営のために破壊宝箱x5を勝 ち取りました"
#440,c-16,749,249,2026-6-1320:58:33,frame_0299,"#503[5tjが#440領有中のLV.2都市#440(749,249)を 攻撃し、陣営のために破壊宝箱x5を勝ち取りました"
#440,c-18,849,249,2026-6-1312:36:51,frame_0287,"#503[COZy]が#440領有中のLV.1都市#440(849,249)を 攻撃し、陣営のために破壊宝箱xを勝ち取りました"
#440,c-20,949,249,2026-6-1312:29:23,frame_0281,"#503[CO2g]が#440領有中のLV.1都市#440(949,249)を 攻撃し、陣営のために破壊宝箱xを勝ち取りました"
#440,d-2,49,349,2026-6-312:49:56,frame_0172,"#476[476M]が#440[IMp]領有中のLV.1都市 #440(49,349)を攻撃し、陣営のために破壊宝箱xを勝 ち取りました"
#440,d-4,149,349,2026-6-2012:24:37,frame_0349,"#476[476X]が#509[5S0]領有中のLV.1都市 #440(149,349)を攻撃し、陣営のために破壊宝箱xを勝 ち取りました"
#440,d-6,249,349,2026-6-612:29:36,frame_0203,"#503[Lghs]が#440[GoDs]領有中のLV.2都市 #440(249,349)を攻撃し、陣営のために破壊宝箱x5を勝 ち取りました"
#440,d-8,349,349,2026-6-1320:13:14,frame_0291,"#476[476X]が#440[Gcc]領有中のLV.3都市 #440(349,349)を攻撃し、陣営のために破壊宝箱x10を 勝ち取りました"
#440,d-10,449,349,2026-6-1312:51:15,frame_0292,"#476[476B】が#440[Gcc]領有中のLV.3都市 #440(449,349)を攻撃し、陣営のために破壊宝箱*10を 勝ち取りました"
#440,d-12,549,349,2026-6-1012:22:24,frame_0237,"#476[476B]が#440[BAJ]領有中のLV.3都市 #440(549,349)を攻撃し、陣営のために破壊宝額x10を 勝ち取りました"
#440,d-14,649,349,2026-6-1312:05:54,frame_0273,"#476[476]が#440[BA」]領有中のL.3都市 #440(649,349)を攻撃し、陣営のために破壊宝箱*10を 勝ち取りました"
#440,d-16,749,349,2026-6-1712:01:58,frame_0313,"#503[TIKW」が#440[TaW]領有中のLv.2都市 #440(749,349)を攻撃し、陣営のために破壊宝箱x5を勝 ち取りました"
#440,d-18,849,349,2026-6-1320:46:00,frame_0298,"#503[hMt]が#440領有中のLV.1都市#440(849,349)を 攻撃し、陣営のために破壊宝箱xを勝ち取りました 碓定 全て受取 目 破壊履歴"
#440,d-20,949,349,2026-6-2012:30:23,frame_0350,"#503[fzn]が#440[GoDs]領有中のLV.1都市 #440(949,349)を攻撃し、陣営のために破壊宝額xを勝 碓定 全て受取 三！ 破壊履歴"
#440,e-2,49,449,2026-6-612:34:05,frame_0203,"#476[476M]が#440[IMp】領有中のLV.1都市 #440(49,449)を攻撃し、陣営のために破壊宝箱xを勝 ち取りました"
#440,e-4,149,449,2026-5-3012:42:58,frame_0113,"#476[476X]が#440[IMp]領有中のL.1都市 #440(149,449)を攻撃し、陣営のために破壊宝箱xを勝 確定 全て受取 目 破壊履歴"
#440,e-6,249,449,2026-6-320:55:37,frame_0181,"#503[Lghs」が#440[GoDs]領有中のL.2都市 #440(249,449)を攻撃し、陣営のために破壊宝箱x5を勝 土印内キ1た 碓定 全て受取 三！ 破壊履歴"
#440,e-8,349,449,2026-6-1012:13:00,frame_0228,"#476[476]が#440[BA」]領有中のLv.3都市 #440(349,449)を攻撃し、陣営のために破壊宝箱x10を ち取りました 碓定 全て受取 目 破壊履歴"
#440,e-14,649,449,2026-6-1012:27:00,frame_0240,"#476[476A]が#440[Gcc]領有中のLV.3都市 #440(649,449)を攻撃し、陣営のために破壊宝箱x10を 勝ち取りました"
#440,e-16,749,449,2026-6-1012:55:29,frame_0246,"#503[5tj]が#440[TaW」領有中のLv.2都市#440(749,449)を 攻撃し、陣営のために破壊宝箱x5を勝ち取りました"
#440,e-18,849,449,2026-6-2012:44:22,frame_0353,"#503[5tjlが#440[TrX]領有中のLv.1都市#440(849,449)を 攻撃し、陣営のために破壊宝箱xをち取りました"
#440,e-20,949,449,2026-6-1020:09:38,frame_0254,"#503[fzn]が#440[TrX]領有中のL.1都市#440(949,449)を 攻撃し、陣営のために破壊宝箱xを勝ち取りました"
#440,f-2,49,549,2026-5-3012:43:58,frame_0115,"#476[476M]が#440領有中のLV.1都市#440(49,549)を 確定 全て受取 目 破壊履歴"
#440,f-4,149,549,2026-5-3012:43:32,frame_0114,"#476[476M]が#440[IMp]領有中のLV.1都市 #440(149,549)を攻撃し、陣営のために破壊宝箱x2を勝 ち取りました 碓定 全て受取 三！ 破壊履歴"
#440,f-6,249,549,2026-6-1304:02:25,frame_0258,"#503[Lghs」が#440[GoDs]領有中のLv.2都市 #440(249,549)を攻撃し、陣営のために破壊宝箱x5を勝 ち取りました"
#440,f-8,349,549,2026-6-1312:01:59,frame_0269,"#476[476A」が#440[BA」]領有中のLV.3都市 #440(349,549)を攻撃し、陣営のために破壊宝箱*10を 勝ち取りました"
#440,f-12,549,549,2026-6-1012:14:37,frame_0234,"#503[Lghs」が#440[BA」領有中のLV.3都市 #440(549,549)を攻撃し、陣営のために破壊宝箱x10を 勝ち取りました"
#440,f-14,649,549,2026-6-1012:08:21,frame_0227,"#476[476A]が#440[Gcc]領有中のLV.3都市 #440(649,549)を攻撃し、陣営のために破壊宝箱x10を 勝ち取りました 碓定 全て受取 目 破壊履歴"
#440,f-16,749,549,2026-6-1312:01:12,frame_0266,"#503[Lghs」が#440[TaW」領有中のLv.z都市 #440(749,549)を攻撃し、陣営のために破壊宝箱x5を勝 ち取りました"
#440,f-18,849,549,2026-6-1712:02:53,frame_0315,"#503[299]が#440[TrX]領有中のLV.1都市#440(849,549)を 確定 全て受取 破壊履歴"
#440,f-20,949,549,2026-6-612:41:30,frame_0205,"#503[fzn]が#440[TrX]領有中のLV.1都市#440(949,549)を 攻撃し、陣営のために破壊宝箱xを勝ち取りました"
#440,g-2,49,649,2026-6-1312:04:56,frame_0271,"#480[AADA】が#440[IMp】領有中のLV.1都市 #440(49,649)を攻撃し、陣営のために破壊宝箱xを勝 ち取りました"
#440,g-4,149,649,2026-6-1312:31:45,frame_0284,"#480[BgNa】が#440[IMp]領有中のLV.1都市 #440(149,649)を攻撃し、陣営のために破壊宝箱x2を勝 ち取りました"
#440,g-6,249,649,2026-6-1304:03:04,frame_0258,"#480[BgNa】が#440[GoDs】領有中のL.2都市 #440(249,649)を攻撃し、陣営のために破壊宝箱x5を勝 碓定 全て受取 目 破壊履歴"
#440,g-8,349,649,2026-6-1320:15:06,frame_0292,"#476[476A]が#440[Gcc]領有中のLV.3都市 #440(349,649)を攻撃し、陣営のために破壊宝箱x10を 勝ち取りました"
#440,g-10,449,649,2026-6-1704:13:42,frame_0308,"#476[476A]が#440[Gcc]領有中のLV.3都市 #440(449,649)を攻撃し、陣営のために破壊宝箱x10を 勝ち取りました"
#440,g-12,549,649,2026-6-1012:14:37,frame_0233,"#503[Lghs」が#440[BA』】領有中のL.3都市 #440(549,649)を攻撃し、陣営のために破壊宝箱x10を 勝ち取りました"
#440,g-14,649,649,2026-6-620:05:36,frame_0208,"#476[476A」が#440[BA」領有中のLV.3都市 #440(649,649)を攻撃し、陣営のために破壊宝箱x10を 勝ち取りました"
#440,g-16,749,649,2026-6-1712:04:18,frame_0317,"#503[Lghs]が#440[TaW」領有中のLV.2都市 #440(749,649)を攻撃し、陣営のために破壊宝箱x5を勝 ち取りました"
#440,g-18,849,649,2026-6-1012:33:15,frame_0240,"#503[299]が#440[TrX]領有中のLV.1都市#440(849,649)を 攻撃し、陣営のために破壊宝箱xを勝ち取りました"
#440,g-20,949,649,2026-6-620:02:53,frame_0206,"#503[299]が#440[TrX]領有中のLV.1都市#440(949,649)を 確定 全て受取 破壊履歴"
#440,h-2,49,749,2026-6-1304:21:55,frame_0262,"#480[AAOA」が#440[GoDS]領有中のLV.1都市 #440(49,749)を攻撃し、陣営のために破壊宝箱xを勝 ち取りました"
#440,h-4,149,749,2026-6-1304:17:11,frame_0262,"#480[RCON」が#440aTA】領有中のLV.1都市 #440(149,749)を攻撃し、陣営のために破壊宝箱xを勝 ち取りました"
#440,h-6,249,749,2026-6-1712:10:39,frame_0321,"#480[WbW」が#440[GoDs]領有中のL.2都市 #440(249,749)を攻撃し、陣営のために破壊宝箱x5を勝 ち取りました"
#440,h-8,349,749,2026-6-1000:01:57,frame_0212,"#480[CDf8」が#440領有中のL.2都市#440(349,749)を 攻撃し、陣営のために破壊宝箱x5を勝ち取りました 碓定 全て受取 破壊履歴"
#440,h-10,449,749,2026-6-1312:13:37,frame_0274,"#503[TIKW」が#440[Gcc領有中のLv.2都市 #440(449,749)を攻撃し、陣営のために破壊宝箱x5を勝 ち取りました"
#440,h-12,549,749,2026-6-1712:03:17,frame_0317,"#503[Lghs」が#440【BAJ】領有中のLv.z都市 #440(549,749)を攻撃し、陣営のために破壊宝箱x5を勝 ち取りました"
#440,h-14,649,749,2026-6-2012:48:47,frame_0355,"#440[Gc行]が#480[BgNa]領有中のL.2都市 #480(749,649)を攻撃し、陣営のために破壊宝箱x5を勝 ち取りました 2025-6-20 12:52:52 #476[476A」が#440[BAJ】領有中のLV.2都市 #440(649,749)を攻撃し、陣営のために破壊宝箱x5を勝 碓定 全て受取 目 破壊履歴"
#440,h-16,749,749,2026-6-1012:41:02,frame_0242,"#503[5tjが#440[TaW」領有中のLv.2都市#440(749,749)を Th市G1 味やうたメ！他術口体.一七味十印5止1土 確定 全て受取 目 破壊履歴"
#440,h-18,849,749,2026-6-1020:03:21,frame_0250,"#503[299]が#440[TrX]領有中のLV.1都市#440(849,749)を 攻撃し、陣営のために破壊宝箱xこを勝ち取りました"
#440,h-20,949,749,2026-6-1712:30:29,frame_0321,"#503[UMN」が#440[TaW]領有中のL.1都市 #440(949,749)を攻撃し、陣営のために破壊宝箱xを勝 ち取りました 碓定 全て受取 目 破壊履歴"
#440,i-2,49,849,2026-6-1704:17:57,frame_0310,"#480[BgNa]が#440[GoDs]領有中のL.1都市 #440(49,849)を攻撃し、陣営のために破壊宝箱x2を勝 ち取りました"
#440,i-4,149,849,2026-6-2020:09:03,frame_0361,"#480[BgNa]が#440[Gcc]領有中のLV.1都市 #440(149,849)を攻撃し、陣営のために破壊宝額xを勝 ち取りました"
#440,i-6,249,849,2026-6-1712:08:02,frame_0320,"#480[CDf8」が#440[G0Ds]領有中のLV.1都市 #440(249,849)を攻撃し、陣営のために破壊宝箱xを勝 ち取りました"
#440,i-8,349,849,2026-6-1020:20:33,frame_0257,"#480[CDf8」が#440領有中のLV.1都市#440(349,849)を 攻撃し、陣営のために破壊宝箱xを勝ち取りました"
#440,i-10,449,849,2026-6-612:40:34,frame_0205,"#503[TIKW」が#440[Gcc]領有中のL.1都市 #440(449,849)を攻撃し、陣営のために破壊宝箱x2を勝 ち取りました"
#440,i-12,549,849,2026-6-1300:03:46,frame_0255,"#480[CDf8]が#440領有中のLV.1都市#440(549,849)を 攻撃し、陣営のために破壊宝箱xを勝ち取りました"
#440,i-14,649,849,2026-6-620:27:43,frame_0212,"#534[89M]が#480[Digg]領有中のLV.1都市 #480(149,549)を攻撃し、陣営のために破壊宝額x2を勝 ち取りました 2026-6-6 203036 #476[476k]が#440領有中のL.1都市#440(649,849)を 攻撃し、陣営のために破壊宝箱xを勝ち取りました"
#440,i-16,749,849,2026-6-1312:33:27,frame_0284,"#480[RCON]が#440[TaW]領有中のLV.1都市 #440(749,849)を攻撃し、陣営のために破壊宝額xを勝 ち取りました 碓定 全て受取 三！ 破壊履歴"
#440,i-18,849,849,2026-5-3020:15:30,frame_0124,"#480[AAOA」が#440領有中のL.1都市#440(849,849)を 攻撃し、陣営のために破壊宝箱xをち取りました"
#440,i-20,949,849,2026-6-612:19:14,frame_0199,"#503[fzn]が#440[TaW]領有中のLV.1都市#440(949,849)を 攻撃し、陣営のために破壊宝箱xを勝ち取りました"
#440,,449,5649,2026-6-1704:13:42,frame_0306,"#476[476A」が#440[Gcc]領有中のLV.3都市 #440(449,5649)を攻撃し、陣営のために破壊宝箱x10を 勝ち取りました"
#476,g-2,49,649,2026-5-2713:05:47,frame_0052,"#534[89M]が#476領有中のLV.1都市#476(49,649)を 攻撃し、陣営のために破壊宝箱xを勝ち取りました"
#476,i-2,49,849,2026-5-2720:02:15,frame_0057,"#534[n09]が#476[476H]領有中のLV.1都市#476(49,849)を 攻撃し、陣営のために破壊宝箱xを勝ち取りました 碓定 全て受取 三！ 破壊履歴"
#476,i-12,549,849,2026-6-312:11:40,frame_0154,"#534[SHA]が#476[476A]領有中のLV.1都市 #475(549,849)を攻撃し、陣営のために破壊宝箱xを勝 ち取りました"
#476,i-14,649,849,2026-6-312:50:01,frame_0173,"#534[4tH]が#476[476H]領有中のLV.1都市 #476(649,849)を攻撃し、陣営のために破壊宝箱x2を勝 ち取りました"
#480,b-2,49,149,2026-6-1004:03:11,frame_0214,"#440[TaW」が#480[PmP】領有中のL.1都市 #480(49,149)を攻撃し、陣営のために破壊宝箱xを勝 ち取りました"
#480,b-6,249,149,2026-5-2703:09:40,frame_0010,"#440[GoDs]が#480[PmP]領有中のL.1都市 #480(249,149)を攻撃し、陣宮のために破壊宝箱xを勝 ち取りました"
#480,b-8,349,149,2026-5-2710:36:13,frame_0012,"#440[GoDs]が#480[BgNa]領有中のLV.1都市 #480(349,149)を攻撃し、陣営のために破壊宝箱xを勝 ち取りました"
#480,b-14,649,149,2026-6-320:47:28,frame_0179,"#440[Gcc]が#480[WbW」領有中のL.1都市 #480(649,149)を攻撃し、陣営のために破壊宝箱x2を勝 ち取りました 碓定 全て受取 三！ 破壊履歴"
#480,b-16,749,149,2026-6-320:54:01,frame_0180,"#440[Gcc]が#480[cDf8]領有中のLV.1都市 #480(749,149)を攻撃し、陣営のために破壊宝箱xを勝 ち取りました"
#480,b-20,949,149,2026-6-1720:37:37,frame_0336,"#440[TaW」が#480[AAOA]領有中のLV.1都市 #480(949,149)を攻撃し、陣営のために破壊宝箱xを勝 ち取りました"
#480,c-2,49,249,2026-6-604:41:42,frame_0192,"#534[4tH]が#480[PmP]領有中のLV.1都市#480(49,249)を 攻撃し、陣営のために破壊宝箱x2を勝ち取りました 2n>6-6-6 04-42.71 碓定 全て受取 破壊履歴"
#480,c-4,149,249,2026-6-604:39:29,frame_0192,"#534[4tH]が#480[PmP]領有中のLV.1都市 #480(149,249)を攻撃し、陣営のために破壊宝箱x2を勝 ち取りました"
#480,c-6,249,249,2026-5-2712:07:41,frame_0022,"#440[BA」」が#480[BgNa]領有中のLv.2都市 #480(249,249)を攻撃し、陣営のために破壊宝箱x5を勝 ち取りました"
#480,c-10,449,249,2026-5-3012:08:03,frame_0092,"#440【GcC]が#480[BgNa]領有中のLV.z都市 #480(449,249)を攻撃し、陣営のために破壊宝箱x5を勝 ち印りキし.た 碓定 全て受取 破壊履歴"
#480,c-12,549,249,2026-5-3012:15:33,frame_0096,"#440【Gcc]が#480[WbW]領有中のLV.2都市 #480(549,249)を攻撃し、陣営のために破壊宝額x5を勝 ち取りました"
#480,c-14,649,249,2026-5-2712:19:52,frame_0033,"#509[5s0]が#480[cDf8]領有中のLv.2都市 #480(649,249)を攻撃し、陣営のために破壊宝箱x5を勝 ち取りました"
#480,c-16,749,249,2026-5-2712:17:15,frame_0028,"#509[5s0]が#480[CDf8]領有中のLV.2都市 #480(749,249)を攻撃し、陣営のために破壊宝箱x5を勝 ち取りました"
#480,c-18,849,249,2026-6-1720:43:42,frame_0337,"#509[MOn]が#480[AAOA]領有中のLV.1都市 #480(849,249)を攻撃し、陣営のために破壊宝箱x2を勝 ち取りました"
#480,c-20,949,249,2026-6-2020:04:50,frame_0357,"#440[TaW」が#480[pigg]領有中のLV.1都市 #480(949,249)を攻撃し、陣営のために破壊宝箱xを勝 ち取りました"
#480,d-2,49,349,2026-6-1004:03:18,frame_0214,"#534[4tH]が#480[PmP]領有中のLV.1都市#480(49,349)を 確定 全て受取 破壊履歴"
#480,d-4,149,349,2026-6-1004:06:11,frame_0216,"#440[TaW」が#480[PmP]領有中のLV.1都市 #480(149,349)を攻撃し、陣営のために破壊宝箱x2を勝 ち取りました"
#480,d-6,249,349,2026-5-3012:03:15,frame_0082,"#440[GoDs]が#480[WbW]領有中のLV.2都市 #480(249,349)を攻撃し、陣営のために破壊宝箱x5を勝 ち取りました"
#480,d-8,349,349,2026-5-2719:02:21,frame_0056,"#440[BA」]が#480[Wbu]領有中のLV.3都市 #480(349,349)を攻撃し、陣営のために破壊宝箱x10を 勝ち取りました"
#480,d-10,449,349,2026-5-2720:04:34,frame_0062,"#440[Gcc]が#480[BgNa]領有中のLV.3都市 #480(449,349)を攻撃し、陣営のために破壊宝箱x10を 勝ち取りました"
#480,d-12,549,349,2026-5-2720:23:18,frame_0067,"#440[Gcc]が#480[WbW」領有中のL.3都市 #480(549,349)を攻撃し、陣営のために破壊宝箱x10を 勝ち取りました"
#480,d-14,649,349,2026-5-3012:04:15,frame_0085,"#509[5s0]が#480[BgNa]領有中のLV.3都市 #480(649,349)を攻撃し、陣営のために破壊宝額*10を 碓定 全て受取 三！ 破壊履歴"
#480,d-16,749,349,2026-6-312:01:48,frame_0144,"#509[5s0]が#480[cDf8]領有中のLV.2都市 #480(749,349)を攻撃し、陣営のために破壊宝箱x5を勝 ち取りました"
#480,d-18,849,349,2026-6-2004:08:57,frame_0339,"#509[MOn]が#480[AAOA]領有中のLV.1都市 #480(849,349)を攻撃し、陣営のために破壊宝箱xを勝 ち取りました"
#480,e-2,49,449,2026-6-1017:33:27,frame_0247,"#534[n09]が#480[PmP]領有中のL.1都市#480(49,449)を 攻撃し、陣営のために破壊宝箱xを勝ち取りました"
#480,e-4,149,449,2026-6-1004:02:51,frame_0214,"#534[4tH]が#480[PmP】領有中のLV.1都市 #480(149,449)を攻撃し、陣営のために破壊宝額xを勝 ち取りました"
#480,e-6,249,449,2026-5-3004:02:33,frame_0072,"#440[GoDs]が#480[TkTk]領有中のL.2都市 #480(249,449)を攻撃し、陣営のために破壊宝箱x5を勝 ち取りました"
#480,e-8,349,449,2026-5-3012:32:51,frame_0111,"#440[BA」」が#480[BgNa]領有中のLv.3都市 #480(349,449)を攻撃し、陣営のために破壊宝箱x10を 脳ち取りました 碓定 全て受取 三！ 破壊履歴"
#480,e-14,649,449,2026-5-3012:01:48,frame_0078,"#509[5s0]が#480[cDf8]領有中のLV.3都市 #480(649,449)を攻撃し、陣営のために破壊宝箱x10を 勝ち取りました 碓定 全て受取 三！ 破壊履歴"
#480,e-16,749,449,2026-6-1712:07:36,frame_0318,"#509[MOn]が#480[cDf8]領有中のLV.2都市 #480(749,449)を攻撃し、陣営のために破壊宝箱x5を勝 ち取りました"
#480,f-2,49,549,2026-6-620:18:03,frame_0208,"#440[G0Dsが#480[0igg]領有中のLV.1都市 #480(49,549)を攻撃し、陣営のために破壊宝箱xを勝 ち取りました"
#480,f-4,149,549,2026-6-620:27:43,frame_0211,"#534[89M]が#480[Digg]領有中のLV.1都市 #480(149,549)を攻撃し、陣営のために破壊宝箱xを勝 ち取りました"
#480,f-8,349,549,2026-5-3020:14:50,frame_0123,"#440[BA」」が#480[BgNa]領有中のLV.3都市 #480(349,549)を攻撃し、陣営のために破壊宝箱x10を 勝ち取りました"
#480,f-10,449,549,2026-6-1012:14:16,frame_0231,"#440[Gcc]が#480[RCON]領有中のLV.3都市 #480(449,549)を攻撃し、陣営のために破壊宝箱x10を 勝ち取りました"
#480,f-16,749,549,2026-6-2004:02:42,frame_0337,"#509[5s0]が#480[AAOA】領有中のLv.2都市 #480(749,549)を攻撃し、陣営のために破壊宝箱x5を勝 ち取りました"
#480,g-2,49,649,2026-6-1004:07:33,frame_0216,"#534[KTVS]が#480[TkTk]領有中のLV.1都市 #480(49,649)を攻撃し、陣営のために破壊宝箱xを勝 大印のキ1.た 碓定 全て受取 目 破壊履歴"
#480,g-4,149,649,2026-6-1004:30:34,frame_0221,"#534[89M]が#480[TkTk]領有中のLV.1都市 #480(149,649)を攻撃し、陣営のために破壊宝箱xを勝 ち取りました"
#480,g-10,449,649,2026-6-1012:14:16,frame_0230,"#440[GcC]が#480[RCON]領有中のLV.3都市 #480(449,649)を攻撃し、陣営のために破壊宝箱x10を 勝ち取りました"
#480,g-16,749,649,2026-6-2012:48:47,frame_0353,"#440[Gcc]が#480[BgNa]領有中のL.2都市 #480(749,649)を攻撃し、陣営のために破壊宝箱x5を勝 碓定 全て受取 目 破壊履歴"
#480,g-18,849,649,2026-6-2012:27:52,frame_0349,"#509[5s0]が#480[BgNa]領有中のL.1都市 #480(849,649)を攻撃し、陣営のために破壊宝箱xを勝 碓定 全て受取 目 破壊履歴"
#480,h-2,49,749,2026-5-3012:16:10,frame_0097,"#534[JDX]が#480[MtG]領有中のLV.1都市#480(49,749)を 攻撃し、陣営のために破壊宝箱xを勝ち取りました"
#480,h-4,149,749,2026-5-3012:22:46,frame_0106,"#534[DX]が#480[MtG]領有中のLV.1都市#480(149,749)を 攻撃し、陣営のために破壊宝箱xを勝ち取りました"
#480,h-8,349,749,2026-6-312:11:05,frame_0153,"#534[KTVS]が#480[TkTk]領有中のLv.2都市 #480(349,749)を攻撃し、陣営のために破壊宝箱x5を勝 ち取りました"
#480,h-14,649,749,2026-6-2012:46:58,frame_0353,"#440[BA」】が#480[Wbu]領有中のLv.2都市 #480(649,749)を攻撃し、陣営のために破壊宝箱x5を勝 ち取りました"
#480,h-16,749,749,2026-6-1720:27:54,frame_0333,"#440[Gcc]が#480[AAOA]領有中のL.2都市 #480(749,749)を攻撃し、陣営のために破壊宝箱x5を勝 ち取りました"
#480,i-2,49,849,2026-5-3012:18:07,frame_0100,"#509[FHX】が#480[RCON]領有中のLV.1都市 #480(49,849)を攻撃し、陣営のために破壊宝箱x2を勝 ち取りました"
#480,i-4,149,849,2026-5-3012:19:54,frame_0102,"#509[FHX]が#480[RCON]領有中のL.1都市 #480(149,849)を攻撃し、陣営のために破壊宝箱xを勝 ち取りました"
#480,i-6,249,849,2026-6-312:13:11,frame_0157,"#534[KTVS]が#480[RCON]領有中のL.1都市 #480(249,849)を攻撃し、陣営のために破壊宝箱xを勝 ち取りました"
#480,i-8,349,849,2026-6-1012:14:36,frame_0232,"#509[BHE]が#480[RCON]領有中のLV.1都市 #480(349,849)を攻撃し、陣営のために破壊宝箱xを勝 ち取りました"
#480,j-2,49,949,2026-6-512:21:18,frame_0202,"#509[MOn]が#480[MtG]領有中のLV.1都市#480(49,949)を 攻撃し、陣営のために破壊宝箱xを勝ち取りました"
#480,j-4,149,949,2026-6-612:21:34,frame_0200,"#509[BHE]が#480[Mtc]領有中のLV.1都市 #480(149,949)を攻撃し、陣営のために破壊宝額x2を勝 ち取りました 碓定 全て受取 破壊履歴"
#480,j-6,249,949,2026-6-604:43:21,frame_0193,"#534[KTVS]が#480領有中のL.1都市#480(249,949)を 攻撃し、陣営のために破壊宝箱xを勝ち取りました"
#480,j-8,349,949,2026-6-612:14:58,frame_0198,"#534[DX]が#480[TkTk]領有中のLV.1都市 #480(349,949)を攻撃し、陣営のために破壊宝箱xを勝 ち取りました 碓定 全て受取 三！ 破壊履歴"
#509,a-4,149,49,2026-5-2700:11:44,frame_0001,"#476[476z]が#509領有中のL.1都市#509(149,49)を 攻撃し、陣営のために破壊宝箱xを勝ち取りました"
#509,a-6,249,49,2026-5-2700:04:30,frame_0001,"#476[4762]が#509領有中のLV.1都市#509(249,49)を 攻撃し、陣営のために破壊宝箱xをち取りました"
#509,a-8,349,49,2026-5-2700:17:43,frame_0001,"#476[ALj】が#509領有中のLV.1都市#509(349,49)を攻 撃し、陣営のために破壊宝箱xをち取りました"
#509,a-10,449,49,2026-5-2700:35:38,frame_0005,"#476[AL]が#509領有中のLV.1都市#509(449,49)を攻 撃し、陣営のために破壊宝箱xを勝ち取りました"
#509,a-12,549,49,2026-5-2703:04:40,frame_0007,"#475[476k]が#509領有中のLV.1都市#509(549,49)を 攻撃し、陣営のために破壊宝箱xを勝ち取りました 碓定 全て受取 破壊履歴"
#509,a-14,649,49,2026-5-2700:52:11,frame_0006,"#476[476K]が#509領有中のLV.1都市#509(649,49)を 攻撃し、陣営のために破壊宝箱x2をち取りました"
#509,a-16,749,49,2026-6-312:48:41,frame_0170,"#503[5tj]が#534[5HA]領有中のLV.1都市#509(749,49)を 攻撃し、陣営のために破壊宝箱xを勝ち取りました"
#509,a-18,849,49,2026-6-320:03:12,frame_0177,"#503[GX99]が#509[AoW]領有中のL.1都市 #509(849,49)を攻撃し、陣営のために破壊宝箱xを勝 ち取りました"
#509,b-2,49,149,2026-6-1320:43:18,frame_0298,"#503[GX99」が#534[SHA】領有中のLV.1都市 #509(49,149)を攻撃し、陣営のために破壊宝箱xを勝 ち取りました"
#509,b-4,149,149,2026-6-1702:03:02,frame_0301,"#476[476d]が#509[ext]領有中のLV.1都市 #509(149,149)を攻撃し、陣営のために破壊宝箱xを勝 碓定 全て受取 三！ 破壊履歴"
#509,b-6,249,149,2026-6-1704:02:56,frame_0303,"#476[476d]が#509[VEX]領有中のL.1都市 #509(249,149)を攻撃し、陣営のために破壊宝箱x2を勝 ち取りました"
#509,b-8,349,149,2026-6-1312:02:45,frame_0270,"#476[476d]が#509[VEX]領有中のLV.1都市 #509(349,149)を攻撃し、陣営のために破壊宝箱xを勝 ち取りました"
#509,b-10,449,149,2026-6-1304:39:34,frame_0266,"#476[476d]が#509[VEX]領有中のLV.1都市 #509(449,149)を攻撃し、陣営のために破壊宝箱x2を勝 ち取りました"
#509,b-12,549,149,2026-5-3012:34:40,frame_0112,"#503[TIKW」が#509[VEX]領有中のL.1都市 #509(549,149)を攻撃し、陣営のために破壊宝額xを勝 ち取りました 碓定 全て受取 三！ 破壊履歴"
#509,b-14,649,149,2026-6-312:46:30,frame_0169,"#503[one]が#509[AoW]領有中のLV.1都市 #509(649,149)を攻撃し、陣営のために破壊宝箱xを勝 ち取りました"
#509,b-16,749,149,2026-5-3004:11:00,frame_0074,"#503[one]が#509[0UM]領有中のL.1都市 #509(749,149)を攻撃し、陣営のために破壊宝箱x2を勝 ち取りました"
#509,b-18,849,149,2026-6-612:01:40,frame_0195,"#503[one]が#509[AoW]領有中のLV.1都市 #509(849,149)を攻撃し、陣営のために破壊宝箱xを勝 ち取りました 碓定 全て受取 目 破壊履歴"
#509,c-2,49,249,2026-6-1312:20:13,frame_0277,"#503[GX99」が#509[tWD】領有中のLV.1都市 #509(49,249)を攻撃し、陣営のために破壊宝額xを勝 ち取りました"
#509,c-4,149,249,2026-6-620:25:49,frame_0210,"#476[476d]が#509[tWD]領有中のLV.1都市 #509(149,249)を攻撃し、陣営のために破壊宝箱xを勝 ち取りました"
#509,c-6,249,249,2026-6-612:23:21,frame_0202,"#476[476d]が#509[tWD]領有中のLV.2都市 #509(249,249)を攻撃し、陣営のために破壊宝箱x5を勝 ち取りました"
#509,c-8,349,249,2026-5-3000:08:17,frame_0070,"#476[476dが#509[VEX]領有中のLV.2都市 #509(349,249)を攻撃し、陣営のために破壊宝箱x5を勝 ち取りました"
#509,c-10,449,249,2026-5-2712:21:12,frame_0037,"#503[Lghs」が#509[VEX]領有中のL.都市 #509(449,249)を攻撃し、陣営のために破壊宝箱x5を勝 ち取りました 碓定 全て受取 破壊履歴"
#509,c-12,549,249,2026-5-3004:48:18,frame_0078,"#476[476d]が#509[VEX]領有中のL.2都市 #509(549,249)を攻撃し、陣営のために破壊宝箱x5を勝 ち取りました"
#509,c-14,649,249,2026-5-3012:03:55,frame_0083,"#503[GX99」が#509[550]領有中のLV.2都市 #509(649,249)を攻撃し、陣営のために破壊宝箱x5を勝 碓定 全て受取 三！ 破壊履歴"
#509,c-16,749,249,2026-5-3012:19:06,frame_0100,"#503lone]が#509[5s0]領有中のLv.都市#509(749,249)を 攻撃し、陣営のために破壊宝箱x5を勝ち取りました"
#509,c-18,849,249,2026-5-2712:19:34,frame_0032,"#480[RCON」が#509[5SQ]領有中のLV.1都市 #509(849,249)を攻撃し、陣営のために破壊宝箱xを勝 ち取りました"
#509,d-2,49,349,2026-6-1312:08:33,frame_0273,"#503[one]が#509[BHE]領有中のLV.1都市#509(49,349)を 攻撃し、陣営のために破壊宝箱xを勝ち取りました"
#509,d-4,149,349,2026-6-1020:07:01,frame_0253,"#503[GX99]が#509[tWD]領有中のL.1都市 #509(149,349)を攻撃し、陣営のために破壊宝箱x2を勝 碓定 全て受取 三！ 破壊履歴"
#509,d-6,249,349,2026-5-3012:14:27,frame_0095,"#503[GX99]が#509[tUD]領有中のL.2都市 #509(249,349)を攻撃し、陣営のために破壊宝箱x5を勝 ち取りました"
#509,d-8,349,349,2026-5-3012:30:00,frame_0109,"#476[476A」が#509[VEX]領有中のLV.3都市 #509(349,349)を攻撃し、陣営のために破壊宝箱x10を 勝ち取りました AフE_ _コn イつ.コフ.フロ 碓定 全て受取 破壊履歴"
#509,d-10,449,349,2026-5-2720:12:18,frame_0063,"#476[476A]が#509[550]領有中のLv.3都市 #509(449,349)を攻撃し、陣営のために破壊宝箱x10を 勝ち取りました"
#509,d-12,549,349,2026-5-2720:02:38,frame_0058,"#476[476A]が#509[5s0]領有中のLV.3都市 #509(549,349)を攻撃し、陣営のために破壊宝箱x10を 勝ち取りました 碓定 全て受取 目 破壊履歴"
#509,d-14,649,349,2026-6-610:35:19,frame_0195,"#503[GX99」が#509[FHX]領有中のLV.3都市 #509(649,349)を攻撃し、陣営のために破壊宝箱x10を 勝ち取りました"
#509,d-16,749,349,2026-5-3012:19:44,frame_0101,"#480[RCON」が#509[5sq]領有中のLV.z都市 #509(749,349)を攻撃し、陣営のために破壊宝箱x5を勝 ち取りました"
#509,d-18,849,349,2026-5-3012:20:49,frame_0104,"#480[RCON」が#509[5sQ]領有中のLV.1都市 #509(849,349)を攻撃し、陣営のために破壊宝箱xを勝 十印い士ーた 碓定 全て受取 目 破壊履歴"
#509,e-2,49,449,2026-6-1312:01:24,frame_0267,"#503[xjR】が#509[tWD】領有中のLV.1都市#509(49,449)を 攻撃し、陣営のために破壊宝箱xを勝ち取りました"
#509,e-4,149,449,2026-6-312:14:20,frame_0159,"#503[fzn]が#509[tUD]領有中のLV.1都市#509(149,449)を 攻撃し、陣営のために破壊宝箱xを勝ち取りました 碓定 全て受取 三！ 破壊履歴"
#509,e-6,249,449,2026-5-3012:15:26,frame_0095,"#503[Lghs」が#509[tWD】領有中のL.z都市 #509(249,449)を攻撃し、陣営のために破壊宝箱x5を勝 ち取りました 碓定 全て受取 破壊履歴"
#509,e-8,349,449,2026-5-3012:25:17,frame_0109,"#476[476A」が#509[5S0]領有中のLV.3都市 #509(349,449)を攻撃し、陣営のために破壊宝箱x10を 勝ち取りました"
#509,e-14,649,449,2026-5-3012:04:53,frame_0087,"#503[Lghs」が#509[FHX]領有中のLV.3都市 #509(649,449)を攻撃し、陣営のために破壊宝額x10を 勝ち取りました フAフE Eコn 4 .nA. o 碓定 全て受取 目 破壊履歴"
#509,e-16,749,449,2026-5-2712:20:01,frame_0033,"#503[Lghs」が#509[FHX]領有中のLv.z都市 #509(749,449)を攻撃し、陣営のために破壊宝箱x5を勝 碓定 全て受取 三！ 破壊履歴"
#509,e-18,849,449,2026-6-312:12:41,frame_0156,"#503[Lghs」が#509[FHX]領有中のLV.1都市 #509(849,449)を攻撃し、陣営のために破壊宝箱xを勝 ち取りました 2025-5-3 12.13・11 碓定 全て受取 目 破壊履歴"
#509,f-2,49,549,2026-6-304:20:01,frame_0135,"#503[Bye]が#509【eXt]領有中のLV.1都市#509(49,549)を 攻撃し、陣営のために破壊宝箱x2を勝ち取りました"
#509,f-4,149,549,2026-6-2012:02:13,frame_0342,"#503[one]が#509[tWD」領有中のL.1都市#509(149,549)を 攻撃し、陣営のために破壊宝箱xを勝ち取りました"
#509,f-6,249,549,2026-6-304:35:23,frame_0140,"#480[TkTK】が#509[BHE領有中のLV.2都市 #509(249,549)を攻撃し、陣営のために破壊宝箱x5を勝 ち取りました 碓定 全て受取 目 破壊履歴"
#509,f-8,349,549,2026-6-312:40:00,frame_0164,"#476[476A]が#509[tWD]領有中のLv.3都市 #509(349,549)を攻撃し、陣営のために破壊宝箱x10を 勝ち取りました 碓定 全て受取 破壊履歴"
#509,f-14,649,549,2026-6-1012:11:54,frame_0228,"#503[GX99]が#509[FHX]領有中のL.3都市 #509(649,549)を攻撃し、陣営のために破壊宝箱x10を 勝ち取りました"
#509,f-16,749,549,2026-5-2712:01:52,frame_0013,"#503[GX99】が#509[FHX]領有中のLV.z都市 #509(749,549)を攻撃し、陣営のために破壊宝箱x5を勝 ち取りました"
#509,f-18,849,549,2026-5-2712:01:56,frame_0016,"#503[Bye】が#509[FHX]領有中のLV.1都市 #509(849,549)を攻撃し、陣営のために破壊宝箱xを勝 ち取りました"
#509,g-2,49,649,2026-6-304:20:01,frame_0134,"#503[Bye】が#509[ext]領有中のLV.1都市#509(49,649)を 攻撃し、陣営のために破壊宝箱xを勝ち取りました"
#509,g-4,149,649,2026-6-312:07:32,frame_0151,"#480[TKTKが#509[BHE]領有中のLV.1都市 #509(149,649)を攻撃し、陣営のために破壊宝箱xを勝 ち取りました"
#509,g-6,249,649,2026-6-312:05:22,frame_0150,"#503[xjR]が#509[BHE]領有中のL.2都市#509(249,649)を 攻撃し、陣営のために破壊宝箱x5を勝ち取りました"
#509,g-8,349,649,2026-6-312:18:24,frame_0160,"#476[476A]が#509[BHE]領有中のLV.3都市 #509(349,649)を攻撃し、陣営のために破壊宝箱x10を 碓定 全て受取 破壊履歴"
#509,g-10,449,649,2026-6-612:14:04,frame_0196,"#476[476A」が#509[MOn]領有中のLV.3都市 #509(449,649)を攻撃し、陣営のために破壊宝箱x10を 勝ち取りました 碓定 全て受取 破壊履歴"
#509,g-12,549,649,2026-6-1704:16:12,frame_0310,"#476[476A]が#509[FHX]領有中のLV.3都市 #509(549,649)を攻撃し、陣営のために破壊宝箱x10を 勝ち取りました"
#509,g-16,749,649,2026-5-2712:35:01,frame_0050,"#503[xjR】が#509[MOn】領有中のLV.2都市#509(749,649)を 攻撃し、陣営のために破壊宝箱x5を勝ち取りました"
#509,g-18,849,649,2026-5-2712:38:18,frame_0049,"#503[UMN」が#509[M0n]領有中のLV.1都市 #509(849,649)を攻撃し、陣営のために破壊宝箱xを勝 ち取りました 碓定 全て受取 三！ 破壊履歴"
#509,h-2,49,749,2026-6-304:15:21,frame_0133,"#503[xjR」が#509[KOCH]領有中のLV.1都市#509(49,749)を 攻撃し、陣営のために破壊宝箱xをち取りました"
#509,h-4,149,749,2026-5-3012:07:03,frame_0091,"#503[xjR」が#509[BHE]領有中のLV.1都市#509(149,749)を 攻撃し、陣営のために破壊宝箱x2を勝ち取りました"
#509,h-6,249,749,2026-6-304:24:08,frame_0140,"#509[FHX]が#523[NBNH]領有中のLV.1都市 #523(849,549)を攻撃し、陣営のために破壊宝箱x2を勝 ち取りました Z026-6-3 04:25:25 #503[fzn]が#509[BHE]領有中のLv.z都市#509(249,749)を 攻撃し、陣営のために破壊宝箱x5を勝ち取りました"
#509,h-8,349,749,2026-5-3004:31:10,frame_0075,"#503[fzn]が#509[BHE]領有中のL.2都市#509(349,749)を 攻撃し、陣営のために破壊宝箱x5をち取りました"
#509,h-10,449,749,2026-6-312:45:55,frame_0168,"#503[5tj]が#509[MOn】領有中のLv.2都市#509(449,749)を 攻撃し、陣営のために破壊宝箱x5をち取りました 碓定 全て受取 三！ 破壊履歴"
#509,h-12,549,749,2026-6-312:41:56,frame_0166,"#503[one]が#509[MOn]領有中のLV.2都市#509(549,749)を 攻撃し、陣営のために破壊宝箱x5を勝ち取りました 碓定 全て受取 目 破壊履歴"
#509,h-16,749,749,2026-5-2712:20:43,frame_0036,"#503[5t]が#509[MOn】領有中のL.2都市#509(749,749)を 攻撃し、陣営のために破壊宝箱x5をち取りました 碓定 全て受取 破壊履歴"
#509,h-18,849,749,2026-5-2712:14:39,frame_0027,"#503[5t]が#509[MOn】領有中のLV.1都市#509(849,749)を 攻撃し、陣営のために破壊宝箱xを勝ち取りました"
#509,i-6,249,849,2026-5-3012:17:52,frame_0098,"#503[xjR]が#509[OUM]領有中のL.1都市 #509(249,849)を攻撃し、陣営のために破壊宝箱xを勝 ち取りました 碓定 全て受取 三！ 破壊履歴"
#509,i-8,349,849,2026-5-3012:04:58,frame_0088,"#503[fzn」が#509[OUM]領有中のLV.1都市 #509(349,849)を攻撃し、陣営のために破壊宝箱xを勝 ち取りました"
#509,i-10,449,849,2026-5-3020:07:44,frame_0122,"#503[5t])が#509[AoW]領有中のLV.1都市#509(449,849)を 攻撃し、陣営のために破壊宝箱x2を勝ち取りました"
#509,i-12,549,849,2026-5-3012:21:20,frame_0105,"#480【TkTk]が#509[AoW]領有中のLV.1都市 #509(549,849)を攻撃し、陣営のために破壊宝箱x2を勝 ち取りました"
#509,i-14,649,849,2026-5-2712:29:10,frame_0043,"#503[xjR]が#509[OTT]領有中のLV.1都市#509(649,849)を 攻撃し、陣営のために破壊宝箱xを勝ち取りました"
#509,i-16,749,849,2026-5-2720:23:12,frame_0066,"#503[UMN」が#509[OTT]領有中のLV.1都市 #509(749,849)を攻撃し、陣営のために破壊宝箱xを勝 碓定 全て受取 三！ 破壊履歴"
#509,i-18,849,849,2026-5-3020:12:36,frame_0123,"#503[5t]が#509[OTT]領有中のLV.1都市#509(849,849)を 攻撃し、陣営のために破壊宝箱xを勝ち取りました"
#509,j-6,249,949,2026-6-604:28:41,frame_0188,"#503[UMN]が#509[0WM]領有中のLV.1都市 #509(249,949)を攻撃し、陣営のために破壊宝箱xを勝 ち取りました 碓定 全て受取 三！ 破壊履歴"
#509,j-8,349,949,2026-6-604:02:29,frame_0182,"#503[UMN」が#509[0WM]領有中のLV.1都市 #509(349,949)を攻撃し、陣営のために破壊宝箱xを勝 ち取りました 碓定 全て受取 三！ 破壊履歴"
#509,j-10,449,949,2026-6-312:26:39,frame_0161,"#503[UMN」が#509[AoW]領有中のLV.1都市 #509(449,949)を攻撃し、陣営のために破壊宝箱xを勝 ち取りました 碓定 全て受取 三！ 破壊履歴"
#509,j-12,549,949,2026-5-3020:04:58,frame_0120,"#503[UMN」が#509[AoW]領有中のLV.1都市 #509(549,949)を攻撃し、陣営のために破壊宝箱x2を勝 ち取りました 碓定 全て受取 目 破壊履歴"
#509,j-14,649,949,2026-6-312:27:16,frame_0163,"#503[hMt]が#509[OTT]領有中のLV.1都市#509(649,949)を 攻撃し、陣営のために破壊宝箱※を勝ち取りました"
#509,j-16,749,949,2026-5-3012:32:25,frame_0110,"#503[UMN」が#509[OTT]領有中のLV.1都市 #509(749,949)を攻撃し、陣営のために破壊宝箱xを勝 ち取りました"
#509,j-18,849,949,2026-5-3012:46:46,frame_0117,"#503[hMt]が#509[0TT]領有中のLV.1都市#509(849,949)を 攻撃し、陣営のために破壊宝箱x2を勝ち取りました"
#511,a-4,149,49,2026-5-3004:03:49,frame_0073,"#523[u30]が#511[5Vh]領有中のLV.1都市#511(149,49)を 攻撃し、陣営のために破壊宝箱xを勝ち取りました"
#511,a-6,249,49,2026-5-2712:13:53,frame_0026,"#523[u30】が#511領有中のLV.1都市#511(249,49)を攻 確定 全て受取 破壊履歴"
#511,a-10,449,49,2026-6-1704:39:55,frame_0310,"#523[NBNH]が#511[2N7]領有中のLV.1都市#511(449,49)を 攻撃し、陣営のために破壊宝箱xを勝ち取りました 碓定 全て受取 三！ 破壊履歴"
#511,a-12,549,49,2026-5-3004:43:19,frame_0077,"#523[K4TR」が#511領有中のLV.1都市#511(549,49)を 攻撃し、陣営のために破壊宝箱xを勝ち取りました"
#511,a-14,649,49,2026-5-3012:50:17,frame_0118,"#523[EDFS]が#511領有中のLV.1都市#511(649,49)を攻 撃し、陣営のために破壊宝箱xを勝ち取りました"
#511,a-16,749,49,2026-6-312:41:24,frame_0166,"#523[K4TR」が#511領有中のLV.1都市#511(749,49)を 攻撃し、陣営のために破壊宝箱xを勝ち取りました"
#511,b-4,149,149,2026-5-2712:07:38,frame_0021,"#523[K4TR】が#511[2N7]領有中のLV.1都市#511(149,149)を 攻撃し、陣営のために破壊宝箱xを勝ち取りました 確定 全て受取 破壊履歴"
#511,b-6,249,149,2026-5-2712:22:48,frame_0038,"#523[u30」が#511領有中のLV.1都市#511(249,149)を攻 撃し、陣営のために破壊宝箱xを勝ち取りました"
#511,b-8,349,149,2026-5-2712:17:50,frame_0029,"#523[K4TR]が#511領有中のLV.1都市#511(349,149)を 攻撃し、陣営のために破壊宝箱xを勝ち取りました"
#511,b-10,449,149,2026-6-304:25:33,frame_0138,"#523[EDFS」が#511[sbM]領有中のLV.1都市#511(449,149)を 攻撃し、陣営のために破壊宝箱xを勝ち取りました 碓定 全て受取 三！ 破壊履歴"
#511,b-12,549,149,2026-6-1004:25:30,frame_0220,"#523[WUG]が#511sbM]領有中のLV.1都市#511(549,149)を 攻撃し、陣営のために破壊宝箱xを勝ち取りました"
#511,b-14,649,149,2026-6-2004:31:22,frame_0341,"#523[WUG]が#511[2N7]領有中のL.1都市#511(649,149)を 攻撃し、陣営のために破壊宝箱xを勝ち取りました"
#511,b-16,749,149,2026-6-604:18:05,frame_0186,"#480[AAOA」が#511領有中のLV.1都市#511(749,149)を 攻撃し、陣営のために破壊宝箱xを勝ち取りました"
#511,c-4,149,249,2026-5-2704:37:22,frame_0011,"#523[50U」が#511領有中のLV.1都市#511(149,249)を 攻撃し、陣営のために破壊宝箱x2を勝ち取りました"
#511,c-6,249,249,2026-6-1320:39:08,frame_0295,"#523[WUG]が#511[2N7]領有中のLv.2都市#511(249,249)を 攻撃し、陣営のために破壊宝箱x5を勝ち取りました"
#511,c-8,349,249,2026-6-304:07:54,frame_0129,"#523[WUG」が#511[JL0]領有中のLv.2都市#511(349,249)を 一ト缶己！ 群止ラ＋ 三ー年山等-十屋+印5＋- 確定 全て受取 目 破壊履歴"
#511,c-10,449,249,2026-5-3020:41:23,frame_0125,"#523[fIrE]が#511[2N7]領有中のLV.2都市#511(449,249)を 確定 全て受取 破壊履歴"
#511,c-12,549,249,2026-6-304:10:22,frame_0130,"#523[WUG]が#511[JLO]領有中のL.2都市#511(549,249)を 確定 全て受取 目 破壊履歴"
#511,c-14,649,249,2026-6-312:30:04,frame_0164,"#480[AAOA]が#511[sbM]領有中のLV.2都市 #511(649,249)を攻撃し、陣営のために破壊宝箱x5を勝 ち取りました"
#511,c-16,749,249,2026-5-3012:23:36,frame_0107,"#480[AAOA]が#511[sbM]領有中のLV.2都市 #511(749,249)を攻撃し、陣営のために破壊宝箱x5を勝 ち取りました 碓定 全て受取 破壊履歴"
#511,c-18,849,249,2026-6-1012:19:46,frame_0236,"#480[AAOA]が#511[DaNG】領有中のLV.1都市 #511(849,249)を攻撃し、陣営のために破壊宝箱xを勝 ち取りました"
#511,c-20,949,249,2026-6-621:05:05,frame_0211,"#480[WbW」が#511領有中のLV.1都市#511(949,249)を 攻撃し、陣営のために破壊宝箱xを勝ち取りました 確定 全て受取 目 破壊履歴"
#511,d-4,149,349,2026-5-3012:24:14,frame_0108,"#523[50U」が#511領有中のLV.1都市#511(149,349)を 攻撃し、陣営のために破壊宝箱xをち取りました 碓定 全て受取 三！ 破壊履歴"
#511,d-6,249,349,2026-6-609:03:05,frame_0193,"#523[50U」が#511領有中のLv.2都市#511(249,349)を 確定 全て受取 目 破壊履歴"
#511,d-8,349,349,2026-5-3012:07:08,frame_0091,"#523[fIrE]が#511[2N7]領有中のLV.3都市#511(349,349)を 攻撃し、陣営のために破壊宝箱x10をち取りました 碓定 全て受取 破壊履歴"
#511,d-10,449,349,2026-6-312:03:30,frame_0147,"#503[Lghs」が#511[2N7]領有中のLV.3都市#511(449,349)を 攻撃し、陣営のために破壊宝箱x10を勝ち取りました"
#511,d-12,549,349,2026-6-312:03:45,frame_0147,"#523[NBNH」が#511[2N7]領有中のLV.3都市 #511(549,349)を攻撃し、陣営のために破壊宝箱*10を 勝ち取りました"
#511,d-14,649,349,2026-5-2712:33:25,frame_0050,"#480[Wbu」が#511[5Va】領有中のLV.3都市 #511(649,349)を攻撃し、陣営のために破壊宝箱x10を 勝ち取りました"
#511,d-16,749,349,2026-6-312:48:56,frame_0170,"#480[AAOA】が#511[sbM]領有中のLV.2都市 #511(749,349)を攻撃し、陣営のために破壊宝箱x5を勝 ち取りました 碓定 全て受取 目 破壊履歴"
#511,d-18,849,349,2026-6-604:15:19,frame_0185,"#480[WbW」が#511[sbM]領有中のLV.1都市 #511(849,349)を攻撃し、陣営のために破壊宝箱xを勝 ち取りました"
#511,d-20,949,349,2026-6-1020:05:16,frame_0252,"#476[476k]が#511[DaNG]領有中のLV.1都市 #511(949,349)を攻撃し、陣営のために破壊宝箱xを勝 ち取りました"
#511,e-4,149,449,2026-5-2712:19:24,frame_0031,"#523[EDFS]が#511領有中のLV.1都市#511(149,449)を 攻撃し、陣営のために破壊宝箱xを勝ち取りました 碓定 全て受取 破壊履歴"
#511,e-6,249,449,2026-5-3012:20:32,frame_0103,"#523[50U]が#511[2N7]領有中のLv.z都市#511(249,449)を 確定 全て受取 三！ 破壊履歴"
#511,e-8,349,449,2026-5-2720:20:19,frame_0064,"#523[WUG】が#511[JL0】領有中のLV.3都市#511(349,449)を 攻撃し、陣営のために破壊宝箱x10を勝ち取りました 碓定 全て受取 三！ 破壊履歴"
#511,e-14,649,449,2026-5-2712:23:26,frame_0039,"#480[BgNa】が#511[5Val領有中のLV.3都市 #511(649,449)を攻撃し、陣営のために破壊宝箱x10を 勝ち取りました"
#511,e-16,749,449,2026-6-604:13:03,frame_0183,"#480[WbW』」が#511[sbM]領有中のLV.2都市 #511(749,449)を攻撃し、陣営のために破壊宝箱*5を勝 ち取りました 2n75-5-5 04・15.10 碓定 全て受取 目 破壊履歴"
#511,e-18,849,449,2026-6-1000:10:03,frame_0213,"#480[Wbu」が#511[5Va】領有中のL.1都市 #511(849,449)を攻撃し、陣営のために破壊宝額xを勝 ち取りました"
#511,e-20,949,449,2026-6-1020:02:55,frame_0249,"#476[476k]が#511[DaNG]領有中のL.1都市 #511(949,449)を攻撃し、陣営のために破壊宝額x2を勝 ち取りました 碓定 全て受取 三！ 破壊履歴"
#511,f-6,249,549,2026-6-304:04:27,frame_0128,"#523[fIrE]が#511[)0]領有中のLv.2都市#511(249,549)を Th車一. 味のために店車宝絡い左隣を印キした 確定 全て受取 三！ 破壊履歴"
#511,f-8,349,549,2026-5-3013:06:13,frame_0120,"#523[WUG]が#511[O]領有中のLV.3都市#511(349,549)を 攻撃し、陣営のために破壊宝箱x10を勝ち取りました"
#511,f-14,649,549,2026-6-312:06:39,frame_0150,"#480[WbW」が#511[SVa]領有中のLV.3都市 #511(649,549)を攻撃し、陣営のために破壊宝箱x10を 叫+印54-+ 碓定 全て受取 三！ 破壊履歴"
#511,f-16,749,549,2026-6-604:06:20,frame_0184,"#480[BgNa】が#511[5Va]領有中のLV.2都市 #511(749,549)を攻撃し、陣営のために破壊宝箱x5を勝 ち取りました"
#511,f-20,949,549,2026-6-1312:29:54,frame_0282,"#476[476M」が#511/5Va]領有中のLV.1都市 #511(949,549)を攻撃し、陣営のために破壊宝箱xを勝 ち取りました"
#511,g-4,149,649,2026-6-1004:19:45,frame_0219,"#523[WUG]が#511[JL0]領有中のL.1都市#511(149,649)を 確定 全て受取 破壊履歴"
#511,g-6,249,649,2026-5-2720:23:21,frame_0068,"#523[WUG]が#511[)L0]領有中のLV.2都市#511(249,649)を 攻撃し、陣営のために破壊宝箱x5をち取りました"
#511,g-8,349,649,2026-5-3004:07:43,frame_0073,"#523[WUG]が#511[)L0]領有中のLV.3都市#511(349,649)を 攻撃し、陣営のために破壊宝箱x10を勝ち取りました 碓定 全て受取 三！ 破壊履歴"
#511,g-10,449,649,2026-5-2720:17:55,frame_0063,"#480[WbW」が#511[DaNG]領有中のLV.3都市 #511(449,649)を攻撃し、陣営のために破壊宝箱x10を 避十印い士ーた 碓定 全て受取 目 破壊履歴"
#511,g-12,549,649,2026-5-3012:41:08,frame_0113,"#480[BgNa】が#511[DaNG]領有中のLv.3都市 #511(549,649)を攻撃し、陣営のために破壊宝額x10を 勝ち取りました"
#511,g-14,649,649,2026-6-312:02:53,frame_0144,"#480[BgNa]が#511[DaNG]領有中のLV.3都市 #511(649,649)を攻撃し、陣営のために破壊宝箱x10を 碓定 全て受取 目 破壊履歴"
#511,g-16,749,649,2026-6-604:06:20,frame_0183,"#480[BgNa】が#511[5Va】領有中のL.2都市 #511(749,649)を攻撃し、陣営のために破壊宝箱x5を勝 ち取りました"
#511,g-18,849,649,2026-5-2712:06:12,frame_0018,"#480[BgNa]が#511領有中のLV.1都市#511(849,649)を 竹整1.堂のために破壊宝箱xをち取りましった 確定 全て受取 目 破壊履歴"
#511,g-20,949,649,2026-5-2720:25:53,frame_0069,"#480[cDf8]が#511領有中のLV.1都市#511(949,649)を 攻撃し、陣営のために破壊宝箱xを勝ち取りました"
#511,h-4,149,749,2026-6-2020:05:18,frame_0359,"#523[NBNH]が#511[JL0]領有中のLV.1都市#511(149,749)を 攻撃し、陣営のために破壊宝箱xを勝ち取りました 碓定 全て受取 三！ 破壊履歴"
#511,h-6,249,749,2026-5-2712:28:41,frame_0042,"#523[fIrEが#511領有中のLV.2都市#511(249,749)を攻 呼たう 亠 ＋月年 確定 全て受取 三！ 破壊履歴"
#511,h-8,349,749,2026-5-3020:53:06,frame_0127,"#523[fIrE]が#511[JL0]領有中のLV.2都市#511(349,749)を 攻撃し、陣営のために破壊宝箱x5を勝ち取りました 2025-5-3 n4・02・32 碓定 全て受取 目 破壊履歴"
#511,h-10,449,749,2026-5-2712:30:02,frame_0044,"#523[NBNH]が#511[DaNG]領有中のLv.2都市 #511(449,749)を攻撃し、陣営のために破壊宝箱x5を勝 ち取りました"
#511,h-12,549,749,2026-5-2712:02:34,frame_0016,"#476[476X]が#511[DaNG]領有中のLv.2都市 #511(549,749)を攻撃し、陣営のために破壊宝箱x5を勝 碓定 全て受取 目 破壊履歴"
#511,h-14,649,749,2026-5-2712:03:31,frame_0017,"#476[476X]が#511[DaNG]領有中のLv.z都市 #511(649,749)を攻撃し、陣営のために破壊宝箱x5を勝 碓定 全て受取 三！ 破壊履歴"
#511,h-16,749,749,2026-5-3012:03:46,frame_0083,"#476[476X】が#511[5Va】領有中のLV.2都市#511(749,749)を 攻撃し、陣営のために破壊宝箱x5を勝ち取りました"
#511,h-18,849,749,2026-6-1012:39:32,frame_0242,"#480[AAOA】が#511[5Va】領有中のLV.1都市 #511(849,749)を攻撃し、陣営のために破壊宝箱xを勝 ち取りました"
#511,h-20,949,749,2026-5-2712:35:10,frame_0048,"#476[476M]が#511領有中のLV.1都市#511(949,749)を 碓定 全て受取 破壊履歴"
#511,i-4,149,849,2026-5-2715:32:53,frame_0054,"#523[NBNH]が#511領有中のLV.1都市#511(149,849)を 攻撃し、陣営のために破壊宝箱xを勝ち取りました"
#511,i-6,249,849,2026-6-1004:10:45,frame_0217,"#523[fIrEが#511[)L2]領有中のLV.1都市#511(249,849)を Th宙口1 はやうたメ！ー仲場口各一十味十町5止1土 確定 全て受取 目 破壊履歴"
#511,i-8,349,849,2026-6-1004:16:14,frame_0218,"#523[fIrEが#511[)L2]領有中のLV.1都市#511(349,849)を Th重安1 は尚のため1地南中竺、った脳士取いキ1た 確定 全て受取 三！ 破壊履歴"
#511,i-10,449,849,2026-6-312:12:16,frame_0154,"#523[NBNH]が#511[DaNG]領有中のL.1都市 #511(449,849)を攻撃し、陣営のために破壊宝箱xを勝 碓定 全て受取 目 破壊履歴"
#511,i-12,549,849,2026-6-312:52:32,frame_0176,"#503[TIKW」が#511[DaNG]領有中のL.1都市 #511(549,849)を攻撃し、陣営のために破壊宝箱xを勝 ち取りました"
#511,i-14,649,849,2026-5-3013:03:42,frame_0118,"#480[CDf8」が#511領有中のLV.1都市#511(649,849)を 攻撃し、陣営のために破壊宝箱xを勝ち取りました 碓定 全て受取 三！ 破壊履歴"
#511,i-16,749,849,2026-6-320:09:53,frame_0177,"#480[CDf8]が#511領有中のLV.1都市#511(749,849)を Th車史！ はのたみに地南中告いった職取いキ1た 確定 全て受取 目 破壊履歴"
#511,i-18,849,849,2026-6-604:32:12,frame_0189,"#480[AAOA】が#511[5Va]領有中のLV.1都市 #511(849,849)を攻撃し、陣営のために破壊宝箱xを勝 ち取りました"
#511,i-20,949,849,2026-5-2700:02:18,frame_0001,"#480ICDf8]が#511領有中のLV.1都市#511(949,849)を 攻撃し、陣営のために破壊宝箱xを勝ち取りました"
#511,j-4,149,949,2026-6-304:12:35,frame_0132,"#476[ALj]が#511[JL2]領有中のLV.1都市#511(149,949)を 攻撃し、陣営のために破壊宝箱xを勝ち取りました 碓定 全て受取 破壊履歴"
#511,j-6,249,949,2026-6-304:02:32,frame_0128,"#523[EDFS]が#511[JL2]領有中のLV.1都市#511(249,949)を ⑦ 攻撃し、陣営のために破壊宝箱xを勝ち取りました"
#511,j-8,349,949,2026-6-304:34:54,frame_0139,"#476[AL]が#512[1L2】領有中のLV.1都市#511(349,949)を 攻撃し、陣営のために破壊宝箱x2を勝ち取りました"
#511,j-10,449,949,2026-6-2012:36:25,frame_0352,"#480[C0f8」が#511[2N7]領有中のLV.1都市 #511(449,949)を攻撃し、陣営のために破壊宝箱x2を勝 ち取りました"
#511,j-12,549,949,2026-5-2713:24:45,frame_0053,"#476[476M]が#511領有中のLV.1都市#511(549,949)を 攻撃し、陣営のために破壊宝箱xを勝ち取りました"
#511,j-14,649,949,2026-6-1712:05:49,frame_0317,"#480【CDf8]が#511[DaNG]領有中のLV.1都市 #511(649,949)を攻撃し、陣営のために破壊宝箱xを勝 ち取りました 確定 全て受取 三！ 破壊履歴"
#511,j-16,749,949,2026-5-2712:56:27,frame_0052,"#480[AAOA」が#511領有中のLV.1都市#511(749,949)を 攻撃し、陣営のために破壊宝箱xを勝ち取りました"
#511,j-18,849,949,2026-5-2712:25:14,frame_0042,"#480[AADA」が#511領有中のLv.1都市#511(849,949)を ⑦ 攻撃し、陣営のために破壊宝箱xを勝ち取りました"
#523,a-4,149,49,2026-6-1312:28:29,frame_0281,"#511[2N7]が#523[EDFS]領有中のLV.1都市#523(149,49)を 攻撃し、陣営のために破壊宝箱xを勝ち取りました"
#523,a-6,249,49,2026-6-1700:00:50,frame_0299,"#511[2N7】が#523領有中のLV.1都市#523(249,49)を攻 撃し、陣営のために破壊宝箱xを勝ち取りました"
#523,a-8,349,49,2026-6-2020:02:03,frame_0356,"#511[2N7]が#523[K4TR]領有中のLV.1都市#523(349,49)を 攻撃し、陣営のために破壊宝箱xをち取りました 2n26-6-7n 2n:02:36 碓定 全て受取 三！ 破壊履歴"
#523,a-14,649,49,2026-6-1720:04:47,frame_0325,"#511[JL0]が#523[EDFS]領有中のLV.1都市#523(649,49)を 攻撃し、陣営のために破壊宝箱xを勝ち取りました 碓定 全て受取 破壊履歴"
#523,b-2,49,149,2026-6-2020:13:43,frame_0361,"#440[G0Ds】が#523[EDFS]領有中のLV.1都市 #523(49,149)を攻撃し、陣営のために破壊宝箱xを勝ち 取りました"
#523,b-4,149,149,2026-6-1312:30:02,frame_0283,"#511[2N7】が#523[EDFS]領有中のLV.1都市#523(149,149)を 攻撃し、陣営のために破壊宝箱xを勝ち取りました"
#523,b-6,249,149,2026-6-1712:02:07,frame_0313,"#511[2N7]が#523[K4TR]領有中のLV.1都市#523(249,149)を 攻撃し、陣営のために破壊宝箱xを勝ち取りました"
#523,b-8,349,149,2026-6-2020:02:36,frame_0357,"#511[2N7]が#523[K4TR]領有中のLV.1都市#523(349,149)を 攻撃し、陣営のために破壊宝箱xを勝ち取りました"
#523,b-16,749,149,2026-6-1720:05:57,frame_0326,"#511[JL0]が#523[5DU]領有中のLV.1都市#523(749,149)を W撃1.陣堂のために破博宝箱xつをち取りましった 確定 全て受取 破壊履歴"
#523,c-2,49,249,2026-6-1304:08:38,frame_0261,"#440【TrXが#523領有中のLV.1都市#523(49,249)を攻 撃し、陣営のために破壊宝箱x2を勝ち取りました"
#523,c-4,149,249,2026-6-1712:51:45,frame_0325,"#440[GoDs]が#523[EDFS]領有中のLV.1都市 #523(149,249)を攻撃し、陣営のために破壊宝箱x2を勝 ち取りました"
#523,c-6,249,249,2026-6-1012:03:48,frame_0224,"#511[2N7]が#523[EDFS]領有中のLV.2都市#523(249,249)を 攻撃し、陣営のために破壊宝箱x5を勝ち取りました"
#523,c-8,349,249,2026-6-1004:09:58,frame_0217,"#534[JDX]が#523[K4TR]領有中のLv.z都市 #523(349,249)を攻撃し、陣営のために破壊宝額*5を勝 ち取りました"
#523,c-10,449,249,2026-6-1004:28:23,frame_0220,"#511[2N7]が#523[K4TR]領有中のLV.2都市 #523(449,249)を攻撃し、陣営のために破壊宝箱x5を勝 碓定 全て受取 目 破壊履歴"
#523,c-12,549,249,2026-6-604:27:58,frame_0187,"#511[2N7]が#523[K4TR]領有中のLV.2都市 #523(549,249)を攻撃し、陣営のために破壊宝額x5を勝 ち取りました 確定 全て受取 目 破壊履歴"
#523,c-14,649,249,2026-6-2012:10:11,frame_0345,"#440[BA」」が#523[50U]領有中のLv.2都市#523(649,249)を 攻撃し、陣営のために破壊宝箱x5をち取りました"
#523,c-16,749,249,2026-6-1012:05:47,frame_0224,"#440[GoDs]が#523[5Du]領有中のLV.2都市 #523(749,249)を攻撃し、陣営のために破壊宝箱x5を勝 ち取りました"
#523,d-2,49,349,2026-6-1304:04:45,frame_0259,"#440[TrXが#523領有中のLV.1都市#523(49,349)を攻 撃し、陣営のために破壊宝箱xを勝ち取りました 碓定 全て受取 破壊履歴"
#523,d-4,149,349,2026-6-1320:41:05,frame_0296,"#440[GoDs]が#523[EDFS]領有中のLV.1都市 #523(149,349)を攻撃し、陣営のために破壊宝箱xを勝 確定 全て受取 三！ 破壊履歴"
#523,d-6,249,349,2026-6-1312:38:25,frame_0289,"#509[5s0]が#523[EDFS]領有中のLv.2都市 #523(249,349)を攻撃し、陣営のために破壊宝箱x5を勝 ち取りました"
#523,d-8,349,349,2026-6-1004:09:58,frame_0217,"#509[5s0]が#523[K4TR]領有中のLV.3都市 #523(349,349)を攻撃し、陣営のために破壊宝箱x10を 勝ち取りました"
#523,d-10,449,349,2026-6-604:36:13,frame_0190,"#509[5s0]が#523[K4TR]領有中のLV.3都市 #523(449,349)を攻撃し、陣営のために破壊宝箱x10を 勝ち取りました"
#523,d-12,549,349,2026-6-604:29:00,frame_0191,"#511[2N7]が#523[50U]領有中のLV.3都市#523(549,349)を 攻撃し、陣営のために破壊宝箱x10を勝ち取りました"
#523,d-14,649,349,2026-6-604:36:32,frame_0191,"#509[5s0]が#523[5DU]領有中のL.3都市#523(649,349)を 攻撃し、陣営のために破壊宝箱x10を勝ち取りました 碓定 全て受取 破壊履歴"
#523,d-16,749,349,2026-6-1012:13:17,frame_0229,"#440[GoDs]が#523[5DU]領有中のLV.2都市 #523(749,349)を攻撃し、陣営のために破壊宝箱x5を勝 ち取りました"
#523,e-2,49,449,2026-6-1304:36:16,frame_0263,"#509[Mon]が#523領有中のLV.1都市#523(49,449)を 攻撃し、陣営のために破壊宝箱xを勝ち取りました 碓定 全て受取 目 破壊履歴"
#523,e-4,149,449,2026-6-1312:15:40,frame_0277,"#509[MOn]が#523[EDFS]領有中のLV.1都市 #523(149,449)を攻撃し、陣営のために破壊宝箱xを勝 ち取りました"
#523,e-6,249,449,2026-6-1012:26:25,frame_0238,"#534[DX]が#523[u30]領有中のLv.2都市#523(249,449)を 攻撃し、陣営のために破壊宝箱x5を勝ち取りました 碓定 全て受取 破壊履歴"
#523,e-8,349,449,2026-6-1012:18:04,frame_0233,"#509[5s0]が#523[EDFS]領有中のLV.3都市 #523(349,449)を攻撃し、陣営のために破壊宝箱x10を 勝ち取りました"
#523,e-14,649,449,2026-6-1012:05:42,frame_0224,"#440[BA」」が#523[NBNH]領有中のLV.3都市 #523(649,449)を攻撃し、陣営のために破壊宝箱x10を 勝ち取りました"
#523,e-16,749,449,2026-6-1012:06:50,frame_0225,"#440[BA」」が#523[NBNH]領有中のLv.2都市 #523(749,449)を攻撃し、陣営のために破壊宝箱x5を勝 ち取りました"
#523,e-18,849,449,2026-6-2020:20:25,frame_0364,"#509[FHX]が#523[NBNH]領有中のLV.1都市 #523(849,449)を攻撃し、陣営のために破壊宝箱xを勝 ち取りました"
#523,f-2,49,549,2026-6-2012:18:15,frame_0345,"#534[KTVS】が#523[50U]領有中のLV.1都市#523(49,549)を 攻撃し、陣営のために破壊宝箱xをち取りました 碓定 全て受取 三！ 破壊履歴"
#523,f-4,149,549,2026-6-1304:02:28,frame_0259,"#534[KTVS]が#523[u30]領有中のLV.1都市#523(149,549)を 攻撃し、陣営のために破壊宝箱x2を勝ち取りました"
#523,f-6,249,549,2026-6-1304:01:50,frame_0256,"#534[JDX]が#523[u30]]領有中のLV.2都市#523(249,549)を 確定 全て受取 破壊履歴"
#523,f-8,349,549,2026-6-1304:28:41,frame_0262,"#509[5s0]が#523[u30]領有中のLV.3都市#523(349,549)を .ん 確定 全て受取 破壊履歴"
#523,f-14,649,549,2026-6-1004:40:46,frame_0223,"#509[FHX]が#523[NBNH]領有中のLV.3都市 #523(649,549)を攻撃し、陣営のために破壊宝箱x10を 勝ち取りました"
#523,f-16,749,549,2026-6-1312:01:20,frame_0266,"#509[FHX】が#523[WUG]領有中のLV.2都市 #523(749,549)を攻撃し、陣営のために破壊宝箱x5を勝 碓定 全て受取 破壊履歴"
#523,f-18,849,549,2026-6-304:24:08,frame_0137,"#509[FHX]が#523[NBNH]領有中のL.1都市 #523(849,549)を攻撃し、陣営のために破壊宝箱xを勝 ち取りました"
#523,g-2,49,649,2026-6-1704:14:49,frame_0308,"#534[JDX]が#523[u30]領有中のLV.1都市#523(49,649)を 攻撃し、陣営のために破壊宝箱x2を勝ち取りました 確定 全て受取 目 破壊履歴"
#523,g-4,149,649,2026-6-2012:20:30,frame_0346,"#534[KTVS]が#523[5DU]領有中のL.1都市 #523(149,649)を攻撃し、陣営のために破壊宝箱xを勝 ち取りました"
#523,g-6,249,649,2026-6-1300:49:24,frame_0255,"#534[KTVS]が#523[u30]領有中のL.2都市 #523(249,649)を攻撃し、陣営のために破壊宝箱x5を勝 ち取りました 碓定 全て受取 目 破壊履歴"
#523,g-8,349,649,2026-6-1704:48:53,frame_0311,"#509[5sq]が#523領有中のLV.3都市#523(349,649)を攻 確定 全て受取 三！ 破壊履歴"
#523,g-10,449,649,2026-6-2020:05:16,frame_0357,"#509[FHX]が#523[fIrE]領有中のLV.3都市#523(449,649)を 確定 全て受取 目 破壊履歴"
#523,g-12,549,649,2026-6-1712:02:31,frame_0314,"#509[FHX】が#523[WUG]領有中のLV.3都市 #523(549,649)を攻撃し、陣営のために破壊宝箱x10を 勝ち取りました"
#523,g-14,649,649,2026-6-1012:14:37,frame_0232,"#509[FHX】が#523[WUG】領有中のLV.3都市 #523(649,649)を攻撃し、陣営のために破壊宝箱x10を 勝ち取りました"
#523,g-16,749,649,2026-6-1312:02:34,frame_0269,"#509[FHX]が#523[WUG]領有中のLV.2都市 #523(749,649)を攻撃し、陣営のために破壊宝箱x5を勝 ち取りました 碓定 全て受取 三！ 破壊履歴"
#523,g-18,849,649,2026-6-304:20:17,frame_0135,"#509[FHX]が#523[NBNH]領有中のLV.1都市 #523(849,649)を攻撃し、陣営のために破壊宝箱xを勝 ち取りました Z026-6-3 04:24:08 #EnorEuviが#ESSrNDNU1箱右コの..部汁 碓定 全て受取 目 破壊履歴"
#523,h-2,49,749,2026-6-1704:13:55,frame_0307,"#534[KTVS]が#523[u30]領有中のLV.1都市#523(49,749)を 攻撃し、陣営のために破壊宝箱xを勝ち取りました"
#523,h-4,149,749,2026-6-1704:14:51,frame_0309,"#534[KTVS]が#523[u30]領有中のLV.1都市#523(149,749)を 攻撃し、陣営のために破壊宝箱xを勝ち取りました"
#523,h-6,249,749,2026-6-1712:29:45,frame_0321,"#534[JDX]が#523[fIrE]領有中のLv.2都市#523(249,749)を 攻撃し、陣営のために破壊宝箱x5を勝ち取りました"
#523,h-8,349,749,2026-6-1712:31:55,frame_0322,"#509[5sq]が#523[fIrE]領有中のLV.2都市#523(349,749)を 攻撃し、陣営のために破壊宝箱x5を勝ち取りました 碓定 全て受取 三！ 破壊履歴"
#523,h-10,449,749,2026-6-2012:23:11,frame_0349,"#534[JDX]が#523[fIrE]領有中のLV.2都市#523(449,749)を 攻撃し、陣営のために破壊宝箱x5を勝ち取りました"
#523,h-12,549,749,2026-6-1712:02:17,frame_0314,"#509[BHE]が#523[WUG]領有中のLv.2都市 #523(549,749)を攻撃し、陣営のために破壊宝箱x5を勝 ち取りました"
#523,h-14,649,749,2026-6-1712:40:38,frame_0324,"#509[FHX]が#523[WUG]領有中のL.2都市 #523(649,749)を攻撃し、陣営のために破壊宝箱x5を勝 ち取りました"
#523,h-16,749,749,2026-6-1312:23:28,frame_0280,"#440[BA」」が#523[WUG]領有中のLV.2都市#523(749,749)を 攻撃し、陣宮のために破壊宝箱x5を勝ち取りました 確定 全て受取 破壊履歴"
#523,h-18,849,749,2026-6-1320:16:20,frame_0294,"#511[JL0]が#476[ALj]領有中のLV.1都市#523(849,749)を 攻撃し、陣営のために破壊宝箱xを勝ち取りました"
#523,i-6,249,849,2026-6-2004:40:37,frame_0341,"#534[JDX]が#523[u30]領有中のLV.1都市#523(249,849)を 攻撃し、陣営のために破壊宝箱xを勝ち取りました"
#534,b-4,149,149,2026-6-1720:23:15,frame_0332,"#476[476M]が#534[5kh]領有中のLV.1都市 #534(149,149)を攻撃し、陣営のために破壊宝箱x2を勝 ち取りました"
#534,b-8,349,149,2026-6-1320:15:38,frame_0292,"#476[4762]が#534[SHA0]領有中のLV.1都市 #534(349,149)を攻撃し、陣営のために破壊宝箱xを勝 ち取りました 碓定 全て受取 破壊履歴"
#534,b-14,649,149,2026-6-612:36:11,frame_0204,"#476[4762]が#534[Trh]領有中のLV.1都市#534(649,149)を 中なうと 1丁年 トほトMに 確定 全て受取 破壊履歴"
#534,b-16,749,149,2026-6-612:35:17,frame_0204,"#476[4762]が#534[MOE]領有中のL.1都市 #534(749,149)を攻撃し、陣営のために破壊宝箱xを勝 ち取りました"
#534,b-18,849,149,2026-6-2020:08:32,frame_0360,"#476[4762]が#534[w6領有中のL.1都市 #534(849,149)を攻撃し、陣営のために破壊宝箱xを勝 碓定 全て受取 目 破壊履歴"
#534,c-2,49,249,2026-6-2020:16:08,frame_0362,"#476[476c]が#534[n0g]領有中のLV.1都市#534(49,249)を 攻撃し、陣営のために破壊宝箱xを勝ち取りました"
#534,c-6,249,249,2026-6-304:39:44,frame_0142,"#476[476d]が#534[4tH]領有中のL.2都市 #534(249,249)を攻撃し、陣営のために破壊宝箱x5を勝 ち取りました"
#534,c-8,349,249,2026-5-2712:11:39,frame_0024,"#476[476c]が#534[SHA]領有中のLV.2都市 #534(349,249)を攻撃し、陣営のために破壊宝箱x5を勝 ち取りました"
#534,c-10,449,249,2026-5-2712:11:30,frame_0023,"#476[476C]が#534[SHA】領有中のLV.2都市 #534(449,249)を攻撃し、陣営のために破壊宝箱x5を勝 ち取りました"
#534,c-12,549,249,2026-5-3012:04:51,frame_0086,"#476[476C]が#534[JDX]領有中のL.2都市 #534(549,249)を攻撃し、陣営のために破壊宝箱x5を勝 ち取りました 碓定 全て受取 目 破壊履歴"
#534,c-14,649,249,2026-6-312:10:54,frame_0153,"#476[476]が#534[JDX]領有中のL.2都市 #534(649,249)を攻撃し、陣営のために破壊宝額*5を勝 ち取りました"
#534,c-16,749,249,2026-6-1720:24:58,frame_0332,"#476[4762]が#534[M0E]領有中のL.都市 #534(749,249)を攻撃し、陣営のために破壊宝箱x5を勝 ち取りました 碓定 全て受取 目 破壊履歴"
#534,c-18,849,249,2026-6-1720:21:01,frame_0329,"#476[476K]が#534[5g3領有中のL.1都市 #534(849,249)を攻撃し、陣営のために破壊宝額xを勝 ち取りました"
#534,d-4,149,349,2026-6-2012:21:45,frame_0348,"#476[476d]が#534[n09]領有中のLV.1都市 #534(149,349)を攻撃し、陣営のために破壊宝箱xを勝 ち取りました"
#534,d-6,249,349,2026-6-312:03:10,frame_0145,"#476[476d]が#534[RGWC]領有中のLv.2都市 #534(249,349)を攻撃し、陣営のために破壊宝箱x5を勝 確定 全て受取 目 破壊履歴"
#534,d-8,349,349,2026-5-3012:02:19,frame_0079,"#476[476c]が#534[4tH]領有中のLV.3都市 #534(349,349)を攻撃し、陣営のために破壊宝箱x10を 勝ち取りました フAフE-E_コつ イフ.クコ.クコ 碓定 全て受取 破壊履歴"
#534,d-10,449,349,2026-5-3012:05:50,frame_0089,"#476[476]が#534[SHA]領有中のLV.3都市 #534(449,349)を攻撃し、陣営のために破壊宝箱*10を 碓定 全て受取 目 破壊履歴"
#534,d-12,549,349,2026-5-2720:01:40,frame_0057,"#476[476が#534[JDX]領有中のLV3都市 #534(549,349)を攻撃し、陣営のために破壊宝箱x10を 勝ち取りました"
#534,d-14,649,349,2026-5-2720:04:04,frame_0060,"#476[476]が#534JDX]領有中のLV3都市 #534(649,349)を攻撃し、陣営のために破壊宝額*10を 碓定 全て受取 破壊履歴"
#534,d-16,749,349,2026-6-620:26:49,frame_0210,"#476[476C]が#534[KTVS]領有中のLV.2都市 #534(749,349)を攻撃し、陣営のために破壊宝箱x5を勝 ち取りました"
#534,d-18,849,349,2026-6-1720:24:13,frame_0332,"#476[476k]が#534[5g]領有中のLV.1都市 #534(849,349)を攻撃し、陣営のために破壊宝箱xを勝 ち取りました"
#534,e-4,149,449,2026-6-2012:15:51,frame_0345,"#476[476d]が#534[n09]領有中のLV.1都市 #534(149,449)を攻撃し、陣営のために破壊宝箱xを勝 ち取りました"
#534,e-6,249,449,2026-6-320:01:53,frame_0177,"#476[476c]が#534[SHA]領有中のL.2都市 #534(249,449)を攻撃し、陣営のために破壊宝額x5を勝 ち取りました"
#534,e-8,349,449,2026-6-1020:02:24,frame_0248,"#476[476d]が#534[4tH]領有中のLV.3都市 #534(349,449)を攻撃し、陣営のために破壊宝箱x10を 勝ち取りました"
#534,e-14,649,449,2026-5-3012:03:03,frame_0081,"#476[476B】が#534[SHA】領有中のLV.3都市 #534(649,449)を攻撃し、陣営のために破壊宝箱x10を 勝ち取りました 碓定 全て受取 破壊履歴"
#534,e-16,749,449,2026-6-620:19:43,frame_0210,"#476[476c]が#534[KTVS]領有中のLV.2都市 #534(749,449)を攻撃し、陣営のために破壊宝箱x5を勝 ち取りました"
#534,e-20,949,449,2026-6-1012:44:41,frame_0245,"#503[one]が#534[89M]領有中のLV.1都市#534(949,449)を 攻撃し、陣営のために破壊宝箱をを勝ち取りました"
#534,f-4,149,549,2026-6-2012:05:40,frame_0343,"#476[476M]が#534領有中のL.1都市#534(149,549)を Th宙に1 津正タ十メ二部肆山許ー中塁十町5＋-+ 確定 全て受取 破壊履歴"
#534,f-6,249,549,2026-6-312:01:39,frame_0142,"#476[476C]が#534[4tH]領有中のLV.2都市 #534(249,549)を攻撃し、陣営のために破壊宝箱x5を勝 ち取りました 碓定 全て受取 三！ 破壊履歴"
#534,f-8,349,549,2026-6-1020:03:42,frame_0250,"#476[476c]が#534[SHA]領有中のLV.3都市 #534(349,549)を攻撃し、陣営のために破壊宝箱x10を 勝ち取りました 碓定 全て受取 三！ 破壊履歴"
#534,f-12,549,549,2026-6-612:46:26,frame_0206,"#476[476]が#534[89M]領有中のLV.3都市 #534(549,549)を攻撃し、陣営のために破壊宝箱x10を 勝ち取りました"
#534,f-14,649,549,2026-6-312:05:21,frame_0148,"#476[476B】が#534[JDX]領有中のLV.3都市 #534(649,549)を攻撃し、陣営のために破壊宝額*10を 勝ち取りました 碓定 全て受取 目 破壊履歴"
#534,f-16,749,549,2026-6-312:50:38,frame_0173,"#476[476X]が#534[KTVS]領有中のLv.2都市 #534(749,549)を攻撃し、陣営のために破壊宝箱x5を勝 ち取りました 碓定 全て受取 破壊履歴"
#534,f-18,849,549,2026-6-1320:22:59,frame_0294,"#503[Bye】が#534[JX]領有中のLV.1都市#534(849,549)を 攻撃し、陣営のために破壊宝箱xを勝ち取りました 碓定 全て受取 破壊履歴"
#534,f-20,949,549,2026-6-1312:39:55,frame_0289,"#503[Bye】が#534[89M]領有中のLV.1都市#534(949,549)を 攻撃し、陣営のために破壊宝箱xを勝ち取りました"
#534,g-4,149,649,2026-6-2004:43:19,frame_0341,"#476[476M]が#534領有中のLV.1都市#534(149,649)を 攻撃し、陣営のために破壊宝箱xを勝ち取りました"
#534,g-6,249,649,2026-6-1012:20:02,frame_0236,"#476[476C]が#534[4tH]領有中のLv.z都市 #534(249,649)を攻撃し、陣営のために破壊宝箱x5を勝 ち取りました"
#534,g-8,349,649,2026-6-1020:04:07,frame_0251,"#476[476X]が#534[RGUC]領有中のLV.3都市 #534(349,649)を攻撃し、陣営のために破壊宝箱x10を 勝ち取りました"
#534,g-10,449,649,2026-6-1020:02:06,frame_0248,"#476[476X]が#534[n09]領有中のLV.3都市 #534(449,649)を攻撃し、陣営のために破壊宝箱x10を 勝ち取りました"
#534,g-12,549,649,2026-6-612:46:26,frame_0207,"#476[476B]が#534[89M]領有中のL.3都市 #534(549,649)を攻撃し、陣営のために破壊宝箱*10を 勝ち取りました"
#534,g-14,649,649,2026-6-620:04:11,frame_0207,"#476[476」が#534[KTVS]領有中のLV.3都市 #534(649,649)を攻撃し、陣営のために破壊宝箱x10を 脳ち取ました 碓定 全て受取 目 破壊履歴"
#534,g-16,749,649,2026-6-1720:14:08,frame_0328,"#503[fzn】が#534[89M]領有中のLv.2都市#534(749,649)を 攻撃し、陣営のために破壊宝箱x5を勝ち取りました 碓定 全て受取 破壊履歴"
#534,g-18,849,649,2026-6-1012:42:49,frame_0243,"#503[fzn】が#534[nol]領有中のLV.1都市#534(849,649)を 攻撃し、陣営のために破壊宝箱x2を勝ち取りました 碓定 全て受取 三！ 破壊履歴"
#534,g-20,949,649,2026-6-1712:50:18,frame_0325,"#503[one]が#534[89M]領有中のLV.1都市#534(949,649)を 攻撃し、陣営のために破壊宝額xを勝ち取りました"
#534,h-6,249,749,2026-6-1312:14:21,frame_0275,"#476[476c]が#534[n09]領有中のLV.2都市 #534(249,749)を攻撃し、陣営のために破壊宝箱x5を勝 ち取りました"
#534,h-8,349,749,2026-6-1312:09:27,frame_0274,"#476[476c]が#534[n09]領有中のLv.2都市 #534(349,749)を攻撃し、陣営のために破壊宝箱x5を勝 ち取りました"
#534,h-10,449,749,2026-6-612:10:44,frame_0196,"#476[476X]が#534[RGWC領有中のL.2都市 #534(449,749)を攻撃し、陣営のために破壊宝箱x5を勝 ち取りました"
#534,h-12,549,749,2026-6-612:19:10,frame_0199,"#476[476X]が#534[Dao]領有中のLv.z都市 #534(549,749)を攻撃し、陣営のために破壊宝箱x5を勝 ち取りました"
#534,h-14,649,749,2026-6-1312:32:48,frame_0284,"#476[476X]が#534[nol]領有中のL.2都市 #534(649,749)を攻撃し、陣営のために破壊宝箱x5を勝 ち取りました"
#534,h-16,749,749,2026-6-1312:46:03,frame_0290,"#503[xjR」が#534[89M]領有中のLV.2都市#534(749,749)を 確定 全て受取 破壊履歴"
#534,h-20,949,749,2026-6-1012:44:24,frame_0244,"#503[xjR]が#534[nol]領有中のLV.1都市#534(949,749)を 攻撃し、陣営のために破壊宝箱xを勝ち取りました 2076-5-10 12・44・41 碓定 全て受取 目 破壊履歴"
#534,i-10,449,849,2026-6-1312:20:14,frame_0277,"#523[fIrE]が#534[0ad]領有中のLV.1都市#534(449,849)を 攻撃し、陣営のために破壊宝箱xを勝ち取りました"
#534,i-12,549,849,2026-6-1312:23:19,frame_0279,"#523[fIrE]が#534[f4j領有中のLV.1都市#534(549,849)を 攻撃し、陣営のために破壊宝箱x2を勝ち取りました 碓定 全て受取 破壊履歴"
#534,j-6,249,949,2026-6-1720:30:20,frame_0334,"#523[fIrE]が#534領有中のLV.1都市#534(249,949)を 攻撃し、陣営のために破壊宝箱xを勝ち取りました 碓定 全て受取 三！ 破壊履歴"
#534,j-8,349,949,2026-6-1720:21:45,frame_0329,"#523[fIrE]が#534領有中のLV.1都市#534(349,949)を 攻撃し、陣営のために破壊宝箱xを勝ち取りました 碓定 全て受取 破壊履歴"
