target_server,coord,x,y,event_time,actor_server,actor_alliance,defender_alliance,level,text_color,destroyed_by,frame,timestamp_sec,raw_text,sheet_row,current_owner,current_acquired_at
#509,b-2,49,149,2026-6-13 20:46:0,#503,GX99,SHA,1,red,enemy,range01_frame_000595.png,297.0,"#503[GX99]が#534[SHA]領有中のLv.1都市#509(49,149)を攻撃し、陣営のために破壊宝箱×2を勝ち取りました",1005,SHA,2026/05/30 11:01
#509,b-6,249,149,2026-6-17 04:03:5,#476,476d,VEX,1,red,enemy,range01_frame_000605.png,302.0,"#476[476d]が#509[VEX]領有中のLv.1都市#509(249,149)を攻撃し、陣営のために破壊宝箱×2を勝ち取りました",1009,VEX,
#480,b-20,949,149,2026-6-17 20:43:4,#440,TaW,AA0A,1,blue,ally,range01_frame_000673.png,336.0,"#440[TaW]が#480[AA0A]領有中のLv.1都市#480(949,149)を攻撃し、陣営のために破壊宝箱×2を勝ち取りました",481,Digg,2026/05/24 9:53
#480,c-20,949,249,2026-6-20 20:05:1,#440,TaW,Digg,1,blue,ally,range01_frame_000713.png,356.0,"#440[TaW]が#480[Digg]領有中のLv.1都市 #480(949,249)を攻撃し、陣営のために破壊宝箱×2を勝ち取りました",576,,
#480,g-16,749,649,2026-6-20 12:48:4,#440,GcC,BgNa,2,blue,ally,range01_frame_000713.png,356.0,"#440[GcC]が#480[BgNa]領有中のLv.2都市 #480(749,649)を攻撃し、陣営のために破壊宝箱×5を勝ち取りました",615,BgNa,2026/06/03 11:01
#480,h-14,649,749,2026-6-20 12:48:4,#440,BAJ,WbU,2,blue,ally,range01_frame_000705.png,352.0,"#440[BAJ]が#480[WbU]領有中のLv.2都市 #480(649,749)を攻撃し、陣営のために破壊宝箱×5を勝ち取りました",625,WbW,2026/05/30 11:01
#440,a-10,449,49,2026-6-13 12:37:4,#523,NBNH,WoW3,1,red,enemy,range01_frame_000577.png,288.0,"#523[NBNH]が#440[WoW3]領有中のLv.1都市#440(449,49)を攻撃し、陣営のために破壊宝箱×2を勝ち取りました",87,,
#440,a-16,749,49,2026-6-17 04:02:5,#523,EDFS,DOLU,1,red,enemy,range01_frame_000605.png,302.0,"#523[EDFS]が#440[DOLU]領有中のLv.1都市#440(749,49)を攻撃し、陣営のために破壊宝箱×2を勝ち取りました",93,,
#440,a-18,849,49,2026-6-17 04:07:4,#503,COZy,DOLU,1,red,enemy,range01_frame_000607.png,303.0,"#503[COZy]が#440[DOLU]領有中のLv.1都市 #440(849,49)を攻撃し、陣営のために破壊宝箱×2を勝ち取りました",95,,
#440,a-20,949,49,2026-6-17 20:37:3,#503,COZy,DOLU,1,red,enemy,range01_frame_000677.png,338.0,"#503[COZy]が#440[DOLU]領有中のLv.1都市 #440(949,49)を攻撃し、陣営のために破壊宝箱×2を勝ち取りました",73,DOLU,2026/05/20 17:20
#440,b-10,449,149,2026-6-13 12:04:5,#476,476Z,UoW3,1,red,enemy,range01_frame_000540.png,269.0,"#476[476Z]が#440[UoW3]領有中のLv.1都市 #440(449,149)を攻撃し、陣営のために破壊宝箱×2を勝ち取りました",3,WoW3,2026/05/27 18:15
#440,b-18,849,149,2026-6-13 12:37:5,#503,fzn,DOLU,1,red,enemy,range01_frame_000575.png,287.0,"#503[fzn]が#440[DOLU]領有中のLv.1都市 #440(849,149)を攻撃し、陣営のために破壊宝箱×2を勝ち取りました",109,,
#440,b-20,949,149,2026-6-13 12:36:0,#503,fzn,DOLU,1,red,enemy,range01_frame_000575.png,287.0,"#503[fzn]が#440[DOLU]領有中のLv.1都市 #440(949,149)を攻撃し、陣営のために破壊宝箱×2を勝ち取りました",111,,
#440,c-20,949,249,2026-6-13 12:29:50,#503,COZy,,1,red,enemy,range01_frame_000565.png,282.0,"#503[COZy]が#440領有中のLv.1都市#440(949,249)を攻撃し、陣営のために破壊宝箱×2を勝ち取りました",124,,
#440,d-10,449,349,2026-6-13 20:13:1,#476,476B,GcC,3,red,enemy,range01_frame_000581.png,290.0,"#476[476B]が#440[GcC]領有中のLv.3都市#440(449,349)を攻撃し、陣営のために破壊宝箱×10を勝ち取りました",130,GcC,2026/06/07 3:39
#440,d-14,649,349,2026-6-13 12:05:53,#476,476B,BAJ,3,red,enemy,range01_frame_000549.png,274.0,"#476[476B]が#440[BAJ]領有中のLv.3都市 #440(649,349)を攻撃し、陣営のために破壊宝箱×10を勝ち取りました",27,BAJ,2026/05/23 21:05
#440,d-18,849,349,2026-6-13 20:58:3,#503,hMt,,1,red,enemy,range01_frame_000596.png,297.0,"#503[hMt]が#440領有中のLv.1都市#440(849,349)を攻撃し、陣営のために破壊宝箱×2を勝ち取りました",134,,
#440,d-4,149,349,2026-6-20 12:27:5,#476,476X,SsQ,1,red,enemy,range01_frame_000699.png,349.0,"#476[476X]が#509[SsQ]領有中のLv.1都市 #440(149,349)を攻撃し、陣営のために破壊宝箱×2を勝ち取りました",138,SsQ,2026/06/03 15:08
#440,f-16,749,549,2026-6-13 12:01:10,#503,Lghs,TaU,2,red,enemy,range01_frame_000537.png,268.0,"#503[Lghs]が#440[TaU]領有中のLv.2都市 #440(749,549)を攻撃し、陣営のために破壊宝箱×5を勝ち取りました",78,TaW,2026/05/20 11:08
#440,f-18,849,549,2026-6-17 12:02:5,#503,299,TrX,1,red,enemy,range01_frame_000635.png,317.0,"#503[299]が#440[TrX]領有中のLv.1都市 #440(849,549)を攻撃し、陣営のために破壊宝箱×2を勝ち取りました",158,TrX,2026/06/07 7:34
#440,f-6,249,549,2026-6-13 04:02:2,#503,Lghs,GoDs,2,red,enemy,range01_frame_000514.png,256.5,"#503[Lghs]が#440[GoDs]領有中のLv.2都市#440(249,549)を攻撃し、陣営のために破壊宝箱×5を勝ち取りました",79,GoDs,2026/05/20 11:04
#440,g-16,749,649,2026-6-17 12:04:1,#503,Lghs,TaW,2,red,enemy,range01_frame_000639.png,319.0,"#503[Lghs]が#440[TaW]領有中のLv.2都市 #440(749,649)を攻撃し、陣営のために破壊宝箱×5を勝ち取りました",169,,
#440,g-2,49,649,2026-6-13 12:04:5,#480,AA0A,IMp,1,red,enemy,range01_frame_000540.png,269.0,"#480[AA0A]が#440[IMp]領有中のLv.1都市 #440(49,649)を攻撃し、陣営のために破壊宝箱×2を勝ち取りました",171,IMP,2026/06/04 7:10
#440,h-10,449,749,2026-6-13 12:14:2,#503,TIKW,GcC,2,red,enemy,range01_frame_000547.png,273.0,"#503[TIKW]が#440[GcC]領有中のLv.2都市 #440(449,749)を攻撃し、陣営のために破壊宝箱×5を勝ち取りました",178,,
#440,h-12,549,749,2026-6-17 12:03:1,#503,Lghs,BAJ,2,red,enemy,range01_frame_000635.png,317.0,"#503[Lghs]が#440[BAJ]領有中のLv.2都市 #440(549,749)を攻撃し、陣営のために破壊宝箱×5を勝ち取りました",180,,
#440,h-4,149,749,2026-6-13 04:21:,#480,RCON,aTA,1,red,enemy,range01_frame_000522.png,260.0,"#480[RCON]が#440[aTA]領有中のLv.1都市 #440(149,749)を攻撃し、陣営のために破壊宝箱×2を勝ち取りました",30,aTA,2026/05/23 20:10
#440,i-12,549,849,2026-6-13 00:49:2,#480,CDf8,,1,red,enemy,range01_frame_000508.png,253.5,"#480[CDf8]が#440領有中のLv.1都市 #440(549,849)を攻撃し、陣営のために破壊宝箱×2を勝ち取りました",194,,
#440,i-16,749,849,2026-6-13 12:36:0,#480,RCON,TaU,1,red,enemy,range01_frame_000569.png,284.0,"#480[RCON]が#440[TaU]領有中のLv.1都市 #440(749,849)を攻撃し、陣営のために破壊宝箱×2を勝ち取りました",41,TaW,2026/05/23 14:06
#440,i-4,149,849,2026-6-20 20:09:0,#480,BgNa,Gcc,1,red,enemy,range01_frame_000727.png,363.0,"#480[BgNa]が#440[Gcc]領有中のLv.1都市 #440(149,849)を攻撃し、陣営のために破壊宝箱×2を勝ち取りました",204,GcC,2026/06/13 11:14
#440,i-8,349,849,2026-6-10,#480,CDf8,,1,blue,ally,range01_frame_000507.png,252.5,"#480[CDf8]が#440 領有中のLv.1都市 #440(349,849)を攻撃し、陣営のために破壊宝箱×2を勝ち取りました",206,,
#511,g-16,749,649,2026-6-6 04:13:0,#480,BgNa,SVa,2,red,enemy,range01_frame_000366.png,182.5,"#480[BgNa]が#511[SVa]領有中のLv.2都市 #511(749,649)を攻撃し、陣営のために破壊宝箱×5を勝ち取りました",1288,,
#511,h-4,149,749,2026-6-20 20:05:1,#523,NBNH,JLO,1,red,enemy,range01_frame_000715.png,357.0,"#523[NBNH]が#511[JLO]領有中のLv.1都市 #511(149,749)を攻撃し、陣営のために破壊宝箱×2を勝ち取りました",1193,JL0,2026/06/10 15:07
#523,c-14,649,249,2026-6-20 12:10:11,#440,BAJ,5DU,2,blue,ally,range01_frame_000691.png,345.0,"#440[BAJ]が#523[5DU]領有中のLv.2都市#523(649,249)を攻撃し、陣営のために破壊宝箱×5を勝ち取りました",1334,5DU,2026/05/24 7:10
#523,f-16,749,549,2026-6-13 12:01:2,#509,FHX,UUG,2,blue,ally,range01_frame_000532.png,265.0,"#509[FHX]が#523[UUG]領有中のLv.2都市 #523(749,549)を攻撃し、陣営のために破壊宝箱×5を勝ち取りました",1475,,
#523,g-4,149,649,2026-6-20 12:20:30,#534,KTVS,5DU,1,blue,ally,range01_frame_000697.png,348.0,"#534[KTVS]が#523[5DU]領有中のLv.1都市 #523(149,649)を攻撃し、陣営のために破壊宝箱×2を勝ち取りました",1492,5DU,2026/06/11 6:45
#523,g-6,249,649,2026-6-13 00:49:20,#534,KTVS,u3o,2,blue,ally,range01_frame_000516.png,257.5,"#534[KTVS]が#523[u3o]領有中のLv.2都市 #523(249,649)を攻撃し、陣営のために破壊宝箱×5を勝ち取りました",1381,u3o,2026/05/21 2:19
#523,h-16,749,749,2026-6-13 12:23:28,#440,BAJ,WUG,2,blue,ally,range01_frame_000562.png,280.0,"#440[BAJ]が#523[WUG]領有中のLv.2都市#523(749,749)を攻撃し、陣営のために破壊宝箱×5を勝ち取りました",1502,,
#523,h-18,849,749,2026-6-13 20:16:20,#511,JLO,ALj,1,blue,ally,range01_frame_000593.png,296.0,"#511[JLO]が#476[ALj]領有中のLv.1都市#523(849,749)を攻撃し、陣営のために破壊宝箱×2を勝ち取りました",1348,ALj,2026/06/07 6:08
#523,h-6,249,749,2026-6-17 12:30:2,#534,JDX,flrE,2,blue,ally,range01_frame_000641.png,320.0,"#534[JDX]が#523[flrE]領有中のLv.2都市 #523(249,749)を攻撃し、陣営のために破壊宝箱×5を勝ち取りました",1508,,
#523,h-8,349,749,2026-6-17 12:40:3,#509,SsQ,flrE,2,blue,ally,range01_frame_000645.png,322.0,"#509[SsQ]が#523[flrE]領有中のLv.2都市 #523(349,749)を攻撃し、陣営のために破壊宝箱×5を勝ち取りました",1345,fIrE,2026/05/23 15:11
